ApplicantIncome,CoapplicantIncome,LoanAmount,Loan_Amount_Term,Loan_Status,LogApplicantIncome,LogCoApplicantIncome,LogLoanAmount,Gender_E,Married_E,Dependents_E,Education_E,Self_Employed_E,Credit_History_E,Property_Area_E
5849,0.0,128.0,360.0,1,8.674196940225903,0.0,4.859812404361672,3.0,1.0,4.0,2.0,2.0,3.0,2.0
4583,1508.0,128.0,360.0,0,8.430327258394575,7.319202458767849,4.859812404361672,3.0,2.0,2.0,2.0,2.0,3.0,1.0
3000,0.0,66.0,360.0,1,8.006700845440367,0.0,4.204692619390966,3.0,2.0,4.0,2.0,1.0,3.0,2.0
2583,2358.0,120.0,360.0,1,7.857093864902493,7.765993079407675,4.795790545596741,3.0,2.0,4.0,1.0,2.0,3.0,2.0
6000,0.0,141.0,360.0,1,8.699681400989514,0.0,4.955827057601261,3.0,1.0,4.0,2.0,2.0,3.0,2.0
5417,4196.0,267.0,360.0,1,8.59748202264504,8.34212526333359,5.5909869805108565,3.0,2.0,5.0,2.0,1.0,3.0,2.0
2333,1516.0,95.0,360.0,1,7.755338812846501,7.324489979348532,4.564348191467836,3.0,2.0,4.0,1.0,2.0,3.0,2.0
3036,2504.0,158.0,360.0,0,8.01862546504575,7.826044013518965,5.0689042022202315,3.0,2.0,3.0,2.0,2.0,1.0,3.0
4006,1526.0,168.0,360.0,1,8.295798110636145,7.3310603052186325,5.1298987149230735,3.0,2.0,5.0,2.0,2.0,3.0,2.0
12841,10968.0,349.0,360.0,0,9.460476328353995,9.302828391411333,5.857933154483459,3.0,2.0,2.0,2.0,2.0,3.0,3.0
3200,700.0,70.0,360.0,1,8.071218539969863,6.55250788703459,4.2626798770413155,3.0,2.0,5.0,2.0,2.0,3.0,2.0
2500,1840.0,109.0,360.0,1,7.824445930877619,7.518064181233078,4.700480365792417,3.0,2.0,5.0,2.0,3.0,3.0,2.0
3073,8106.0,200.0,360.0,1,8.03073492409854,9.000483164987708,5.303304908059076,3.0,2.0,5.0,2.0,2.0,3.0,2.0
1853,2840.0,114.0,360.0,0,7.5251007461258,7.951911381854188,4.74493212836325,3.0,1.0,4.0,2.0,2.0,3.0,1.0
1299,1086.0,17.0,120.0,1,7.170119543449628,6.99117688712121,2.8903717578961645,3.0,2.0,5.0,2.0,2.0,3.0,2.0
4950,0.0,125.0,360.0,1,8.507344855361422,0.0,4.836281906951478,3.0,1.0,4.0,2.0,2.0,3.0,2.0
3596,0.0,100.0,240.0,1,8.187855443695623,0.0,4.61512051684126,3.0,1.0,2.0,1.0,2.0,2.0,2.0
3510,0.0,76.0,360.0,0,8.163656176168432,0.0,4.343805421853684,2.0,1.0,4.0,2.0,2.0,1.0,2.0
4887,0.0,133.0,360.0,0,8.494538500851432,0.0,4.897839799950911,3.0,2.0,4.0,1.0,2.0,3.0,1.0
2600,3500.0,115.0,360.0,1,7.8636512654486515,8.160803920954665,4.7535901911063645,3.0,2.0,4.0,2.0,3.0,3.0,2.0
7660,0.0,104.0,360.0,0,8.94389780251682,0.0,4.653960350157523,3.0,2.0,4.0,1.0,2.0,1.0,2.0
5955,5625.0,315.0,360.0,1,8.6921543938039,8.635153989049803,5.755742213586912,3.0,2.0,2.0,2.0,2.0,3.0,2.0
2600,1911.0,116.0,360.0,0,7.8636512654486515,7.555905093611346,4.762173934797756,3.0,2.0,4.0,1.0,2.0,1.0,3.0
3365,1917.0,112.0,360.0,0,8.121480374750751,7.559038255443384,4.727387818712341,1.0,2.0,5.0,1.0,2.0,1.0,1.0
3717,2925.0,151.0,360.0,0,8.220941168281389,7.98139158158007,5.0238805208462765,3.0,2.0,2.0,2.0,3.0,2.0,3.0
9560,0.0,191.0,360.0,1,9.165447603085447,0.0,5.2574953720277815,3.0,2.0,4.0,2.0,1.0,3.0,3.0
2799,2253.0,122.0,360.0,1,7.937374696163295,7.720461694599722,4.812184355372417,3.0,2.0,4.0,2.0,2.0,3.0,3.0
4226,1040.0,110.0,360.0,1,8.34924780056679,6.947937068614969,4.709530201312334,3.0,2.0,5.0,1.0,2.0,3.0,2.0
1442,0.0,35.0,360.0,0,7.274479558773871,0.0,3.58351893845611,3.0,1.0,4.0,1.0,2.0,3.0,2.0
3750,2083.0,120.0,360.0,1,8.229777750081887,7.642044402873258,4.795790545596741,2.0,1.0,5.0,2.0,3.0,3.0,3.0
4166,3369.0,201.0,360.0,0,8.334951631422454,8.122668023346407,5.308267697401205,3.0,2.0,2.0,2.0,3.0,2.0,2.0
3167,0.0,74.0,360.0,0,8.060855752934316,0.0,4.31748811353631,3.0,1.0,4.0,2.0,2.0,3.0,2.0
4692,0.0,106.0,360.0,0,8.453827315794417,0.0,4.672828834461906,3.0,1.0,2.0,2.0,1.0,3.0,1.0
3500,1667.0,114.0,360.0,1,8.160803920954665,7.419380582918692,4.74493212836325,3.0,2.0,4.0,2.0,2.0,3.0,3.0
12500,3000.0,320.0,360.0,0,9.433563920090563,8.006700845440367,5.771441123130016,3.0,1.0,3.0,2.0,2.0,3.0,1.0
2275,2067.0,128.0,360.0,1,7.730174795246222,7.63433723562832,4.859812404361672,3.0,2.0,4.0,2.0,2.0,3.0,2.0
1828,1330.0,100.0,360.0,0,7.511524648390866,7.193685818395112,4.61512051684126,3.0,2.0,4.0,2.0,2.0,1.0,2.0
3667,1459.0,144.0,360.0,1,8.207401833376355,7.286191714702382,4.976733742420574,2.0,2.0,4.0,2.0,2.0,3.0,3.0
4166,7210.0,184.0,360.0,1,8.334951631422454,8.88336291691676,5.220355825078324,3.0,1.0,4.0,2.0,2.0,3.0,2.0
3748,1668.0,110.0,360.0,1,8.229244416735913,7.419979923661835,4.709530201312334,3.0,1.0,4.0,1.0,2.0,3.0,3.0
3600,0.0,80.0,360.0,0,8.188966863648876,0.0,4.394449154672439,3.0,1.0,4.0,2.0,2.0,3.0,2.0
1800,1213.0,47.0,360.0,1,7.496097345175956,7.101675971619444,3.871201010907891,3.0,1.0,4.0,2.0,2.0,3.0,2.0
2400,0.0,75.0,360.0,1,7.783640596221253,0.0,4.330733340286331,3.0,2.0,4.0,2.0,2.0,2.0,2.0
3941,2336.0,134.0,360.0,1,8.279443487712665,7.756623334538858,4.90527477843843,3.0,2.0,4.0,2.0,2.0,3.0,3.0
4695,0.0,96.0,360.0,1,8.454466361507933,0.0,4.574710978503383,3.0,2.0,4.0,1.0,1.0,3.0,2.0
3410,0.0,88.0,360.0,1,8.134760782418645,0.0,4.48863636973214,2.0,1.0,4.0,2.0,2.0,3.0,2.0
5649,0.0,44.0,360.0,1,8.639410824140487,0.0,3.8066624897703196,3.0,2.0,2.0,2.0,2.0,3.0,2.0
5821,0.0,144.0,360.0,1,8.669399124305569,0.0,4.976733742420574,3.0,2.0,4.0,2.0,2.0,3.0,2.0
2645,3440.0,120.0,360.0,0,7.880804344674901,8.14351740579748,4.795790545596741,2.0,2.0,4.0,2.0,2.0,1.0,2.0
4000,2275.0,144.0,360.0,1,8.294299608857235,7.730174795246222,4.976733742420574,2.0,1.0,4.0,2.0,2.0,3.0,3.0
1928,1644.0,100.0,360.0,1,7.564757012905729,7.405495663199472,4.61512051684126,2.0,2.0,4.0,1.0,2.0,3.0,3.0
3086,0.0,120.0,360.0,1,8.034955024502159,0.0,4.795790545596741,2.0,1.0,4.0,2.0,2.0,3.0,3.0
4230,0.0,112.0,360.0,0,8.350193650720067,0.0,4.727387818712341,2.0,1.0,4.0,2.0,2.0,3.0,3.0
4616,0.0,134.0,360.0,0,8.43750042250699,0.0,4.90527477843843,3.0,2.0,5.0,2.0,2.0,3.0,2.0
11500,0.0,286.0,360.0,0,9.350189267092581,0.0,5.659482215759621,2.0,2.0,2.0,2.0,1.0,1.0,2.0
2708,1167.0,97.0,360.0,1,7.904334842085095,7.0630481633881725,4.584967478670572,3.0,2.0,5.0,2.0,2.0,3.0,3.0
2132,1591.0,96.0,360.0,1,7.665284718471351,7.3727463664043285,4.574710978503383,3.0,2.0,4.0,2.0,2.0,3.0,3.0
3366,2200.0,135.0,360.0,0,8.121777419161074,7.696667081526462,4.912654885736052,3.0,2.0,4.0,2.0,2.0,3.0,1.0
8080,2250.0,180.0,360.0,1,8.997270906233448,7.719129840906732,5.198497031265826,3.0,2.0,2.0,2.0,2.0,3.0,2.0
3357,2859.0,144.0,360.0,1,8.119100837637486,7.958576903813898,4.976733742420574,3.0,2.0,5.0,1.0,2.0,3.0,2.0
2500,3796.0,120.0,360.0,1,7.824445930877619,8.241966560231802,4.795790545596741,3.0,2.0,4.0,2.0,2.0,3.0,2.0
3029,0.0,99.0,360.0,1,8.016317898503415,0.0,4.605170185988092,3.0,2.0,3.0,2.0,2.0,3.0,2.0
2609,3449.0,165.0,180.0,0,7.867105500316739,8.146129510025405,5.111987788356544,3.0,2.0,4.0,1.0,1.0,1.0,1.0
4945,0.0,128.0,360.0,0,8.506334448081361,0.0,4.859812404361672,3.0,2.0,2.0,2.0,2.0,1.0,1.0
4166,0.0,116.0,360.0,0,8.334951631422454,0.0,4.762173934797756,2.0,1.0,4.0,2.0,2.0,1.0,3.0
5726,4595.0,258.0,360.0,0,8.652947112393857,8.432941638968646,5.556828061699537,3.0,2.0,4.0,2.0,2.0,3.0,3.0
3200,2254.0,126.0,180.0,0,8.071218539969863,7.720905251936779,4.844187086458591,3.0,1.0,4.0,1.0,2.0,1.0,2.0
10750,0.0,312.0,360.0,1,9.282754052485227,0.0,5.746203190540153,3.0,2.0,2.0,2.0,2.0,3.0,2.0
7100,0.0,125.0,60.0,1,8.867990898182093,0.0,4.836281906951478,3.0,2.0,3.0,1.0,1.0,3.0,2.0
4300,0.0,136.0,360.0,0,8.366602832783736,0.0,4.919980925828125,2.0,1.0,4.0,2.0,2.0,1.0,3.0
3208,3066.0,172.0,360.0,1,8.073714641109857,8.028455164114252,5.153291594497779,3.0,2.0,4.0,2.0,2.0,3.0,2.0
1875,1875.0,97.0,360.0,1,7.53689712956617,7.53689712956617,4.584967478670572,3.0,2.0,5.0,1.0,1.0,3.0,3.0
3500,0.0,81.0,300.0,1,8.160803920954665,0.0,4.406719247264253,3.0,1.0,4.0,2.0,2.0,3.0,3.0
4755,0.0,95.0,360.0,0,8.467162257810672,0.0,4.564348191467836,3.0,2.0,3.0,1.0,2.0,1.0,3.0
5266,1774.0,187.0,360.0,1,8.569216219483389,7.4815557019095165,5.236441962829949,3.0,2.0,3.0,2.0,1.0,3.0,3.0
3750,0.0,113.0,480.0,0,8.229777750081887,0.0,4.736198448394496,3.0,1.0,4.0,2.0,2.0,3.0,2.0
3750,4750.0,176.0,360.0,0,8.229777750081887,8.46611040118692,5.176149732573829,3.0,1.0,4.0,2.0,2.0,3.0,2.0
1000,3022.0,110.0,360.0,0,6.90875477931522,8.014004994779459,4.709530201312334,3.0,2.0,2.0,2.0,1.0,3.0,2.0
3167,4000.0,180.0,300.0,0,8.060855752934316,8.294299608857235,5.198497031265826,3.0,2.0,3.0,2.0,2.0,1.0,3.0
3333,2166.0,130.0,360.0,1,8.111928063310739,7.681099001536359,4.875197323201151,3.0,2.0,3.0,1.0,1.0,2.0,3.0
3846,0.0,111.0,360.0,1,8.255048902752295,0.0,4.718498871295094,2.0,1.0,4.0,2.0,2.0,3.0,3.0
2395,0.0,128.0,360.0,1,7.78155595923534,0.0,4.859812404361672,3.0,2.0,2.0,2.0,1.0,3.0,3.0
1378,1881.0,167.0,360.0,0,7.229113877793302,7.540090320145325,5.123963979403259,2.0,2.0,5.0,2.0,2.0,3.0,2.0
6000,2250.0,265.0,360.0,0,8.699681400989514,7.719129840906732,5.583496308781699,3.0,2.0,4.0,2.0,2.0,2.0,3.0
3988,0.0,50.0,240.0,1,8.291295851905407,0.0,3.9318256327243257,3.0,2.0,2.0,2.0,2.0,3.0,2.0
2366,2531.0,136.0,360.0,1,7.769378609513984,7.836764783264067,4.919980925828125,3.0,1.0,4.0,2.0,2.0,3.0,3.0
3333,2000.0,99.0,360.0,1,8.111928063310739,7.601402334583733,4.605170185988092,3.0,2.0,5.0,1.0,2.0,2.0,3.0
2500,2118.0,104.0,360.0,1,7.824445930877619,7.6586995582682995,4.653960350157523,3.0,2.0,4.0,2.0,2.0,3.0,3.0
8566,0.0,210.0,360.0,1,9.055672891964043,0.0,5.351858133476067,3.0,1.0,4.0,2.0,2.0,3.0,2.0
5695,4167.0,175.0,360.0,1,8.647519453091812,8.335191583433202,5.170483995038151,3.0,2.0,4.0,2.0,2.0,3.0,3.0
2958,2900.0,131.0,360.0,1,7.99260665240021,7.972810784121404,4.882801922586371,3.0,2.0,4.0,2.0,2.0,3.0,3.0
6250,5654.0,188.0,180.0,1,8.740496729931813,8.640295388550221,5.241747015059643,3.0,2.0,5.0,2.0,2.0,3.0,3.0
3273,1820.0,81.0,360.0,1,8.09376775793108,7.507141079727608,4.406719247264253,3.0,2.0,5.0,1.0,2.0,3.0,2.0
4133,0.0,122.0,360.0,1,8.327000740241713,0.0,4.812184355372417,3.0,1.0,4.0,2.0,2.0,3.0,3.0
3620,0.0,25.0,120.0,1,8.19450550976564,0.0,3.258096538021482,3.0,1.0,4.0,1.0,2.0,3.0,3.0
6782,0.0,128.0,360.0,0,8.82217476094608,0.0,4.859812404361672,3.0,1.0,4.0,2.0,3.0,2.0,2.0
2484,2302.0,137.0,360.0,1,7.818027938530729,7.741967899820685,4.927253685157205,2.0,2.0,4.0,2.0,2.0,3.0,3.0
1977,997.0,50.0,360.0,1,7.589841512182657,6.905753276311464,3.9318256327243257,3.0,2.0,4.0,2.0,2.0,3.0,3.0
4188,0.0,115.0,180.0,1,8.340217320947035,0.0,4.7535901911063645,3.0,2.0,4.0,1.0,2.0,3.0,3.0
1759,3541.0,131.0,360.0,1,7.473069088032197,8.17244681834278,4.882801922586371,3.0,2.0,4.0,2.0,2.0,3.0,3.0
4288,3263.0,133.0,180.0,1,8.36380888451688,8.090708716083997,4.897839799950911,3.0,2.0,5.0,1.0,2.0,3.0,2.0
4843,3806.0,151.0,360.0,1,8.485496104672983,8.244596756382498,5.0238805208462765,3.0,1.0,4.0,2.0,2.0,3.0,3.0
13650,0.0,128.0,360.0,1,9.521568058002977,0.0,4.859812404361672,3.0,2.0,1.0,2.0,2.0,3.0,2.0
4652,3583.0,128.0,360.0,1,8.445267451844648,8.18423477409482,4.859812404361672,3.0,2.0,4.0,2.0,2.0,3.0,3.0
3816,754.0,160.0,360.0,1,8.247220052745229,6.626717749249025,5.081404364984463,3.0,3.0,1.0,2.0,2.0,3.0,2.0
3052,1030.0,100.0,360.0,1,8.023879992734878,6.93828448401696,4.61512051684126,3.0,2.0,2.0,2.0,2.0,3.0,2.0
11417,1126.0,225.0,360.0,1,9.342946336524205,7.027314514039777,5.420534999272286,3.0,2.0,5.0,2.0,2.0,3.0,2.0
7333,0.0,120.0,360.0,0,8.900276348631271,0.0,4.795790545596741,3.0,1.0,4.0,1.0,3.0,3.0,1.0
3800,3600.0,216.0,360.0,0,8.24301946898925,8.188966863648876,5.37989735354046,3.0,2.0,5.0,2.0,2.0,1.0,2.0
2071,754.0,94.0,480.0,1,7.6362696033793735,6.626717749249025,4.553876891600541,3.0,2.0,3.0,1.0,2.0,3.0,3.0
5316,0.0,136.0,360.0,1,8.57866451350434,0.0,4.919980925828125,3.0,1.0,4.0,2.0,2.0,3.0,2.0
2929,2333.0,139.0,360.0,1,7.982757702011113,7.755338812846501,4.941642422609304,2.0,2.0,4.0,2.0,3.0,3.0,3.0
3572,4114.0,152.0,360.0,0,8.181160858023409,8.32239411311117,5.030437921392435,3.0,2.0,4.0,1.0,2.0,1.0,1.0
7451,0.0,128.0,360.0,1,8.916237731721479,0.0,4.859812404361672,2.0,1.0,2.0,2.0,1.0,3.0,3.0
5050,0.0,118.0,360.0,1,8.527341522468053,0.0,4.77912349311153,3.0,1.0,4.0,2.0,3.0,3.0,3.0
14583,0.0,185.0,180.0,1,9.5876803163585,0.0,5.225746673713202,3.0,2.0,2.0,2.0,2.0,3.0,1.0
3167,2283.0,154.0,360.0,1,8.060855752934316,7.7336835707759,5.043425116919247,2.0,2.0,4.0,2.0,2.0,3.0,3.0
2214,1398.0,85.0,360.0,1,7.703007682479236,7.243512974665482,4.454347296253507,3.0,2.0,2.0,2.0,2.0,2.0,2.0
5568,2142.0,175.0,360.0,0,8.624970783589669,7.669961995473577,5.170483995038151,3.0,2.0,4.0,2.0,2.0,3.0,1.0
10408,0.0,259.0,360.0,1,9.250426095515468,0.0,5.560681631015528,2.0,1.0,4.0,2.0,2.0,3.0,2.0
5667,2667.0,180.0,360.0,1,8.64259160081057,7.889084407035514,5.198497031265826,3.0,2.0,1.0,2.0,2.0,3.0,1.0
4166,0.0,44.0,360.0,1,8.334951631422454,0.0,3.8066624897703196,2.0,1.0,4.0,2.0,2.0,3.0,3.0
2137,8980.0,137.0,360.0,1,7.6676260915849905,9.10286651367095,4.927253685157205,2.0,1.0,4.0,2.0,2.0,1.0,3.0
2957,0.0,81.0,360.0,1,7.992268643270745,0.0,4.406719247264253,3.0,2.0,5.0,2.0,2.0,3.0,3.0
4300,2014.0,194.0,360.0,1,8.366602832783736,7.608374474380783,5.272999558563747,3.0,2.0,4.0,1.0,2.0,3.0,1.0
3692,0.0,93.0,360.0,1,8.214194414852564,0.0,4.543294782270004,2.0,1.0,4.0,2.0,2.0,2.0,1.0
23803,0.0,370.0,360.0,1,10.077608912764743,0.0,5.916202062607435,1.0,2.0,3.0,2.0,2.0,3.0,1.0
3865,1640.0,128.0,360.0,1,8.259975659768276,7.403061091090091,4.859812404361672,3.0,1.0,4.0,2.0,2.0,3.0,1.0
10513,3850.0,160.0,180.0,0,9.260462981379394,8.25608813381491,5.081404364984463,3.0,2.0,2.0,2.0,1.0,1.0,2.0
6080,2569.0,182.0,360.0,0,8.71292443512011,7.851661177889265,5.209486152841421,3.0,2.0,4.0,2.0,2.0,2.0,1.0
20166,0.0,650.0,480.0,1,9.911802884139842,0.0,6.478509642208569,3.0,1.0,4.0,2.0,1.0,2.0,2.0
2014,1929.0,74.0,360.0,1,7.608374474380783,7.5652752818989315,4.31748811353631,3.0,1.0,4.0,2.0,2.0,3.0,2.0
2718,0.0,70.0,360.0,1,7.908019444632471,0.0,4.2626798770413155,3.0,1.0,4.0,2.0,2.0,3.0,3.0
3459,0.0,25.0,120.0,1,8.14902386805177,0.0,3.258096538021482,3.0,2.0,4.0,2.0,1.0,3.0,3.0
4895,0.0,102.0,360.0,1,8.496173824192162,0.0,4.634728988229636,3.0,1.0,4.0,2.0,2.0,3.0,3.0
4000,7750.0,290.0,360.0,0,8.294299608857235,8.955577146281511,5.673323267171493,3.0,2.0,3.0,2.0,2.0,3.0,3.0
4583,0.0,84.0,360.0,0,8.430327258394575,0.0,4.442651256490317,2.0,2.0,4.0,2.0,2.0,3.0,1.0
3316,3500.0,88.0,360.0,1,8.106816038947052,8.160803920954665,4.48863636973214,3.0,2.0,5.0,2.0,1.0,3.0,2.0
14999,0.0,242.0,360.0,0,9.615805480084347,0.0,5.493061443340548,3.0,1.0,4.0,2.0,2.0,1.0,3.0
4200,1430.0,129.0,360.0,0,8.343077871169383,7.266128779556451,4.867534450455582,3.0,2.0,5.0,1.0,2.0,3.0,1.0
5042,2083.0,185.0,360.0,0,8.525756422076725,7.642044402873258,5.225746673713202,3.0,2.0,5.0,2.0,2.0,3.0,1.0
5417,0.0,168.0,360.0,1,8.59748202264504,0.0,5.1298987149230735,3.0,1.0,4.0,2.0,2.0,3.0,2.0
6950,0.0,175.0,180.0,1,8.846640813100485,0.0,5.170483995038151,3.0,1.0,4.0,2.0,1.0,3.0,3.0
2698,2034.0,122.0,360.0,1,7.900636613018005,7.618251097876695,4.812184355372417,3.0,2.0,4.0,2.0,2.0,3.0,3.0
11757,0.0,187.0,180.0,1,9.3722891389622,0.0,5.236441962829949,3.0,2.0,5.0,2.0,2.0,3.0,2.0
2330,4486.0,100.0,360.0,1,7.754052639035757,8.408939605975984,4.61512051684126,2.0,2.0,4.0,2.0,2.0,3.0,3.0
14866,0.0,70.0,360.0,1,9.60689927061335,0.0,4.2626798770413155,2.0,2.0,5.0,2.0,2.0,3.0,2.0
1538,1425.0,30.0,360.0,1,7.338888133838879,7.262628600974241,3.4339872044851463,3.0,2.0,2.0,2.0,2.0,3.0,2.0
10000,1666.0,225.0,360.0,0,9.210440366976517,7.418780882750794,5.420534999272286,2.0,1.0,4.0,2.0,2.0,3.0,1.0
4860,830.0,125.0,360.0,1,8.488999457045455,6.7226297948554485,4.836281906951478,3.0,2.0,4.0,2.0,2.0,3.0,3.0
6277,0.0,118.0,360.0,0,8.744806737401898,0.0,4.77912349311153,3.0,1.0,4.0,2.0,2.0,1.0,1.0
2577,3750.0,152.0,360.0,1,7.8547691834991324,8.229777750081887,5.030437921392435,3.0,2.0,4.0,2.0,1.0,3.0,1.0
9166,0.0,244.0,360.0,0,9.123365357961776,0.0,5.501258210544727,3.0,1.0,4.0,2.0,2.0,3.0,2.0
2281,0.0,113.0,360.0,0,7.732807530422021,0.0,4.736198448394496,3.0,2.0,5.0,1.0,2.0,3.0,1.0
3254,0.0,50.0,360.0,1,8.08794755464267,0.0,3.9318256327243257,3.0,1.0,4.0,2.0,2.0,3.0,2.0
39999,0.0,600.0,180.0,1,10.596634733096073,0.0,6.398594934535208,3.0,2.0,3.0,2.0,2.0,1.0,3.0
6000,0.0,160.0,360.0,1,8.699681400989514,0.0,5.081404364984463,3.0,2.0,2.0,2.0,2.0,2.0,1.0
9538,0.0,187.0,360.0,1,9.163143937145207,0.0,5.236441962829949,3.0,2.0,2.0,2.0,2.0,3.0,2.0
2980,2083.0,120.0,360.0,1,8.000014093678072,7.642044402873258,4.795790545596741,3.0,1.0,4.0,2.0,3.0,3.0,1.0
4583,5625.0,255.0,360.0,1,8.430327258394575,8.635153989049803,5.545177444479562,3.0,2.0,4.0,2.0,2.0,3.0,3.0
1863,1041.0,98.0,360.0,1,7.530479995245536,6.948897222313312,4.59511985013459,3.0,2.0,4.0,1.0,2.0,3.0,3.0
7933,0.0,275.0,360.0,0,8.978912601074276,0.0,5.62040086571715,3.0,2.0,4.0,2.0,2.0,3.0,2.0
3089,1280.0,121.0,360.0,0,8.035926369891792,7.155396301896734,4.804021044733257,3.0,2.0,2.0,2.0,2.0,1.0,3.0
4167,1447.0,158.0,360.0,1,8.335191583433202,7.277938572945661,5.0689042022202315,3.0,2.0,5.0,2.0,2.0,3.0,1.0
9323,0.0,75.0,180.0,1,9.140347000155648,0.0,4.330733340286331,3.0,2.0,4.0,2.0,2.0,3.0,2.0
3707,3166.0,182.0,360.0,1,8.218247926685745,8.06054004653864,5.209486152841421,3.0,2.0,4.0,2.0,2.0,3.0,1.0
4583,0.0,112.0,360.0,0,8.430327258394575,0.0,4.727387818712341,2.0,2.0,4.0,2.0,2.0,3.0,1.0
2439,3333.0,129.0,360.0,1,7.799753318287247,8.111928063310739,4.867534450455582,3.0,2.0,4.0,2.0,2.0,3.0,1.0
2237,0.0,63.0,480.0,0,7.71333788887187,0.0,4.1588830833596715,3.0,1.0,4.0,2.0,2.0,1.0,3.0
8000,0.0,200.0,360.0,1,8.987321812850125,0.0,5.303304908059076,3.0,2.0,5.0,2.0,2.0,3.0,3.0
1820,1769.0,95.0,360.0,1,7.507141079727608,7.478734825567875,4.564348191467836,3.0,2.0,4.0,1.0,3.0,3.0,1.0
51763,0.0,700.0,300.0,1,10.85445020594156,0.0,6.55250788703459,1.0,2.0,3.0,2.0,2.0,3.0,2.0
3522,0.0,81.0,180.0,0,8.167068178341237,0.0,4.406719247264253,3.0,2.0,3.0,1.0,2.0,3.0,1.0
5708,5625.0,187.0,360.0,1,8.64979915596426,8.635153989049803,5.236441962829949,3.0,2.0,4.0,2.0,2.0,3.0,3.0
4344,736.0,87.0,360.0,0,8.376781037699493,6.602587892189336,4.477336814478207,3.0,2.0,4.0,1.0,1.0,3.0,3.0
3497,1964.0,116.0,360.0,1,8.159946655578548,7.583247524303362,4.762173934797756,3.0,2.0,4.0,2.0,2.0,3.0,1.0
2045,1619.0,101.0,360.0,1,7.6236419465115715,7.3901814282264295,4.624972813284271,3.0,2.0,5.0,2.0,2.0,3.0,1.0
5516,11300.0,495.0,360.0,0,8.61558951327243,9.332646496360152,6.206575926724928,3.0,2.0,3.0,2.0,2.0,1.0,3.0
3750,0.0,116.0,360.0,1,8.229777750081887,0.0,4.762173934797756,3.0,2.0,2.0,2.0,2.0,3.0,3.0
2333,1451.0,102.0,480.0,0,7.755338812846501,7.280697195384741,4.634728988229636,3.0,1.0,4.0,1.0,2.0,1.0,2.0
6400,7250.0,180.0,360.0,0,8.764209507142004,8.888894669371593,5.198497031265826,3.0,2.0,2.0,2.0,2.0,1.0,2.0
1916,5063.0,67.0,360.0,0,7.558516743045645,8.529911963824013,4.219507705176107,3.0,1.0,4.0,2.0,2.0,2.0,1.0
4600,0.0,73.0,180.0,1,8.434028950155469,0.0,4.30406509320417,3.0,2.0,4.0,2.0,2.0,3.0,3.0
33846,0.0,260.0,360.0,0,10.429605648120413,0.0,5.564520407322694,3.0,2.0,2.0,2.0,2.0,3.0,3.0
3625,0.0,108.0,360.0,1,8.195885391314796,0.0,4.6913478822291435,2.0,2.0,4.0,2.0,2.0,3.0,3.0
39147,4750.0,120.0,360.0,1,10.57510461454571,8.46611040118692,4.795790545596741,3.0,2.0,4.0,2.0,1.0,3.0,3.0
2178,0.0,66.0,300.0,0,7.68662133494462,0.0,4.204692619390966,3.0,2.0,2.0,2.0,1.0,1.0,1.0
2383,2138.0,58.0,360.0,1,7.776535028185241,7.668093709082406,4.07753744390572,3.0,2.0,4.0,2.0,2.0,2.0,1.0
674,5296.0,168.0,360.0,1,6.51471269087253,8.574895901544526,5.1298987149230735,1.0,2.0,4.0,2.0,1.0,3.0,1.0
9328,0.0,188.0,180.0,1,9.140883106960962,0.0,5.241747015059643,3.0,2.0,4.0,2.0,2.0,3.0,1.0
4885,0.0,48.0,360.0,1,8.494129251817686,0.0,3.8918202981106265,3.0,1.0,4.0,1.0,2.0,3.0,1.0
12000,0.0,164.0,360.0,0,9.392745258631441,0.0,5.10594547390058,3.0,1.0,4.0,2.0,2.0,3.0,3.0
6033,0.0,160.0,360.0,0,8.705165419719007,0.0,5.081404364984463,3.0,2.0,4.0,1.0,2.0,3.0,2.0
3858,0.0,76.0,360.0,1,8.258163361537619,0.0,4.343805421853684,3.0,1.0,4.0,2.0,2.0,3.0,3.0
4191,0.0,120.0,360.0,1,8.340933226000878,0.0,4.795790545596741,3.0,1.0,4.0,2.0,2.0,3.0,1.0
3125,2583.0,170.0,360.0,0,8.047509510981422,7.857093864902493,5.14166355650266,3.0,2.0,2.0,2.0,2.0,3.0,3.0
8333,3750.0,187.0,360.0,1,9.0280988119824,8.229777750081887,5.236441962829949,3.0,1.0,4.0,2.0,2.0,3.0,1.0
1907,2365.0,120.0,360.0,1,7.553810852008231,7.768956044538332,4.795790545596741,2.0,1.0,4.0,1.0,2.0,3.0,2.0
3416,2816.0,113.0,360.0,1,8.136518252115291,7.943427767876373,4.736198448394496,2.0,2.0,4.0,2.0,2.0,2.0,3.0
11000,0.0,83.0,360.0,0,9.305741456739435,0.0,4.430816798843313,3.0,1.0,4.0,2.0,1.0,3.0,2.0
2600,2500.0,90.0,360.0,1,7.8636512654486515,7.824445930877619,4.51085950651685,3.0,2.0,2.0,1.0,2.0,3.0,3.0
4923,0.0,166.0,360.0,1,8.501876487304344,0.0,5.117993812416755,3.0,1.0,5.0,2.0,2.0,1.0,3.0
3992,0.0,128.0,180.0,0,8.292298107063221,0.0,4.859812404361672,3.0,2.0,3.0,1.0,2.0,3.0,2.0
3500,1083.0,135.0,360.0,1,8.160803920954665,6.988413181999592,4.912654885736052,3.0,2.0,2.0,1.0,2.0,3.0,2.0
3917,0.0,124.0,360.0,1,8.273336598504486,0.0,4.8283137373023015,3.0,2.0,5.0,1.0,2.0,3.0,3.0
4408,0.0,120.0,360.0,1,8.391403185357937,0.0,4.795790545596741,2.0,1.0,4.0,1.0,2.0,3.0,3.0
3244,0.0,80.0,360.0,1,8.08487062913819,0.0,4.394449154672439,2.0,1.0,4.0,2.0,2.0,3.0,2.0
3975,2531.0,55.0,360.0,1,8.288031567776464,7.836764783264067,4.02535169073515,3.0,1.0,4.0,1.0,2.0,3.0,1.0
2479,0.0,59.0,360.0,1,7.8160138391590275,0.0,4.0943445622221,3.0,1.0,4.0,2.0,2.0,3.0,2.0
3418,0.0,127.0,360.0,0,8.137103389639302,0.0,4.852030263919617,3.0,1.0,4.0,2.0,2.0,3.0,3.0
10000,0.0,214.0,360.0,0,9.210440366976517,0.0,5.3706380281276624,2.0,1.0,4.0,2.0,2.0,3.0,3.0
3430,1250.0,128.0,360.0,0,8.14060704285845,7.1316985104669115,4.859812404361672,3.0,2.0,3.0,2.0,2.0,1.0,3.0
7787,0.0,240.0,360.0,1,8.960339366492091,0.0,5.484796933490655,3.0,2.0,2.0,2.0,1.0,3.0,2.0
5703,0.0,130.0,360.0,1,8.648922962094131,0.0,4.875197323201151,3.0,2.0,3.0,1.0,1.0,3.0,1.0
3173,3021.0,137.0,360.0,1,8.062747901086354,8.013674142832684,4.927253685157205,3.0,2.0,4.0,2.0,2.0,3.0,2.0
3850,983.0,100.0,360.0,1,8.25608813381491,6.891625897052253,4.61512051684126,3.0,2.0,3.0,1.0,2.0,3.0,3.0
150,1800.0,135.0,360.0,0,5.017279836814924,7.496097345175956,4.912654885736052,3.0,2.0,4.0,2.0,2.0,3.0,1.0
3727,1775.0,131.0,360.0,1,8.223627175805483,7.4821189235521155,4.882801922586371,3.0,2.0,4.0,2.0,2.0,3.0,3.0
5000,0.0,72.0,360.0,0,8.517393171418904,0.0,4.290459441148391,3.0,2.0,5.0,2.0,3.0,1.0,3.0
4283,2383.0,127.0,360.0,1,8.36264243156764,7.776535028185241,4.852030263919617,2.0,2.0,5.0,2.0,2.0,2.0,3.0
2221,0.0,60.0,360.0,0,7.706162970199576,0.0,4.110873864173311,3.0,2.0,4.0,2.0,2.0,1.0,2.0
4009,1717.0,116.0,360.0,1,8.296546520300614,7.4489161025442,4.762173934797756,3.0,2.0,5.0,2.0,2.0,3.0,3.0
2971,2791.0,144.0,360.0,1,7.99699040583765,7.934513463882263,4.976733742420574,3.0,1.0,4.0,2.0,2.0,3.0,3.0
7578,1010.0,175.0,360.0,1,8.93313654381203,6.918695219020472,5.170483995038151,3.0,2.0,4.0,2.0,2.0,3.0,3.0
6250,0.0,128.0,360.0,1,8.740496729931813,0.0,4.859812404361672,3.0,2.0,4.0,2.0,2.0,3.0,3.0
3250,0.0,170.0,360.0,0,8.086717920303906,0.0,5.14166355650266,3.0,2.0,4.0,2.0,2.0,3.0,1.0
4735,0.0,138.0,360.0,0,8.462948176563842,0.0,4.9344739331306915,3.0,2.0,1.0,1.0,1.0,3.0,2.0
6250,1695.0,210.0,360.0,1,8.740496729931813,7.4360278163518485,5.351858133476067,3.0,2.0,5.0,2.0,2.0,3.0,3.0
4758,0.0,158.0,480.0,1,8.46779284112111,0.0,5.0689042022202315,3.0,3.0,1.0,2.0,2.0,3.0,3.0
6400,0.0,200.0,360.0,1,8.764209507142004,0.0,5.303304908059076,3.0,1.0,4.0,2.0,1.0,3.0,1.0
2491,2054.0,104.0,360.0,1,7.820840879907344,7.628031126930335,4.653960350157523,3.0,2.0,2.0,2.0,2.0,3.0,3.0
3716,0.0,42.0,180.0,1,8.220672170297252,0.0,3.7612001156935624,3.0,2.0,4.0,2.0,3.0,3.0,1.0
3189,2598.0,120.0,360.0,1,8.06777619577889,7.8628820346414905,4.795790545596741,3.0,1.0,4.0,1.0,2.0,3.0,1.0
8333,0.0,280.0,360.0,1,9.0280988119824,0.0,5.638354669333745,2.0,1.0,4.0,2.0,2.0,3.0,3.0
3155,1779.0,140.0,360.0,1,8.057060681965766,7.484368643286131,4.948759890378168,3.0,2.0,2.0,2.0,2.0,3.0,3.0
5500,1260.0,170.0,360.0,1,8.612685172875459,7.13966033596492,5.14166355650266,3.0,2.0,2.0,2.0,2.0,3.0,1.0
5746,0.0,255.0,360.0,0,8.656433258507741,0.0,5.545177444479562,3.0,2.0,4.0,2.0,3.0,2.0,2.0
3463,0.0,122.0,360.0,1,8.150179269682326,0.0,4.812184355372417,2.0,1.0,4.0,2.0,1.0,2.0,2.0
3812,0.0,112.0,360.0,1,8.246171559857563,0.0,4.727387818712341,2.0,1.0,2.0,2.0,2.0,3.0,1.0
3315,0.0,96.0,360.0,1,8.106514516255185,0.0,4.574710978503383,3.0,2.0,2.0,2.0,2.0,3.0,3.0
5819,5000.0,120.0,360.0,1,8.669055540725484,8.517393171418904,4.795790545596741,3.0,2.0,5.0,2.0,2.0,3.0,1.0
2510,1983.0,140.0,180.0,0,7.828436359157585,7.592870287844818,4.948759890378168,3.0,2.0,2.0,1.0,2.0,3.0,2.0
2965,5701.0,155.0,60.0,1,7.994969522697877,8.648572269472618,5.049856007249537,3.0,1.0,4.0,2.0,2.0,3.0,2.0
6250,1300.0,108.0,360.0,1,8.740496729931813,7.170888478512505,4.6913478822291435,3.0,2.0,5.0,2.0,1.0,3.0,1.0
3406,4417.0,123.0,360.0,1,8.133587417660966,8.393442383980062,4.820281565605037,3.0,2.0,4.0,1.0,2.0,3.0,3.0
6050,4333.0,120.0,180.0,0,8.707978826622321,8.374246182096304,4.795790545596741,3.0,1.0,4.0,2.0,1.0,3.0,2.0
9703,0.0,112.0,360.0,1,9.180293450623886,0.0,4.727387818712341,3.0,2.0,5.0,2.0,2.0,3.0,2.0
6608,0.0,137.0,180.0,1,8.796187635470453,0.0,4.927253685157205,3.0,2.0,2.0,1.0,2.0,3.0,2.0
2882,1843.0,123.0,480.0,1,7.9665866976384025,7.519692404116539,4.820281565605037,3.0,2.0,2.0,2.0,2.0,3.0,3.0
1809,1868.0,90.0,360.0,1,7.501082124259871,7.533158807455563,4.51085950651685,3.0,2.0,4.0,2.0,2.0,3.0,2.0
1668,3890.0,201.0,360.0,0,7.419979923661835,8.266421472984554,5.308267697401205,3.0,2.0,4.0,1.0,2.0,1.0,3.0
3427,0.0,138.0,360.0,0,8.13973227971767,0.0,4.9344739331306915,2.0,1.0,5.0,2.0,2.0,3.0,2.0
2583,2167.0,104.0,360.0,1,7.857093864902493,7.681560362559537,4.653960350157523,3.0,1.0,4.0,1.0,1.0,3.0,1.0
2661,7101.0,279.0,180.0,1,7.8868329989550565,8.868131713503033,5.634789603169249,3.0,2.0,2.0,1.0,2.0,3.0,3.0
16250,0.0,192.0,360.0,0,9.69590972432601,0.0,5.262690188904886,3.0,1.0,4.0,2.0,1.0,1.0,2.0
3083,0.0,255.0,360.0,1,8.03398273468322,0.0,5.545177444479562,2.0,1.0,3.0,2.0,2.0,3.0,1.0
6045,0.0,115.0,360.0,0,8.707152175339404,0.0,4.7535901911063645,3.0,1.0,4.0,1.0,2.0,1.0,1.0
5250,0.0,94.0,360.0,0,8.566173813637858,0.0,4.553876891600541,3.0,2.0,3.0,2.0,2.0,3.0,2.0
14683,2100.0,304.0,360.0,0,9.594513744616725,7.650168700845001,5.720311776607412,3.0,2.0,4.0,2.0,2.0,3.0,1.0
4931,0.0,128.0,360.0,0,8.503499864284235,0.0,4.859812404361672,3.0,2.0,3.0,1.0,2.0,2.0,3.0
6083,4250.0,330.0,360.0,1,8.713417653379183,8.35490952835879,5.802118375377063,3.0,2.0,2.0,2.0,2.0,2.0,2.0
2060,2209.0,134.0,360.0,1,7.630946580890459,7.700747794511798,4.90527477843843,3.0,1.0,4.0,2.0,2.0,3.0,3.0
3481,0.0,155.0,36.0,0,8.155362120328135,0.0,5.049856007249537,2.0,1.0,2.0,2.0,2.0,3.0,3.0
7200,0.0,120.0,360.0,1,8.881975184248867,0.0,4.795790545596741,2.0,1.0,4.0,2.0,2.0,3.0,1.0
5166,0.0,128.0,360.0,1,8.550047528287184,0.0,4.859812404361672,3.0,1.0,4.0,2.0,1.0,3.0,3.0
4095,3447.0,151.0,360.0,1,8.317766166719343,8.145549631783584,5.0238805208462765,3.0,1.0,4.0,2.0,2.0,3.0,1.0
4708,1387.0,150.0,360.0,1,8.457230850243555,7.23561914106675,5.017279836814924,3.0,2.0,5.0,2.0,2.0,3.0,3.0
4333,1811.0,160.0,360.0,1,8.374246182096304,7.502186486602924,5.081404364984463,3.0,2.0,3.0,2.0,2.0,1.0,2.0
3418,0.0,135.0,360.0,0,8.137103389639302,0.0,4.912654885736052,2.0,1.0,4.0,2.0,3.0,3.0,1.0
2876,1560.0,90.0,360.0,1,7.964503363551548,7.353081920515432,4.51085950651685,2.0,1.0,2.0,2.0,2.0,3.0,2.0
3237,0.0,30.0,360.0,1,8.08271113423758,0.0,3.4339872044851463,2.0,1.0,4.0,2.0,2.0,3.0,2.0
11146,0.0,136.0,360.0,1,9.318925682389624,0.0,4.919980925828125,3.0,2.0,4.0,2.0,2.0,3.0,2.0
2833,1857.0,126.0,360.0,1,7.949444420250626,7.527255919373784,4.844187086458591,3.0,1.0,4.0,2.0,2.0,3.0,1.0
2620,2223.0,150.0,360.0,1,7.8713112033234065,7.707062655370473,5.017279836814924,3.0,2.0,4.0,2.0,2.0,3.0,3.0
3900,0.0,90.0,360.0,1,8.268988209506656,0.0,4.51085950651685,3.0,2.0,5.0,2.0,2.0,3.0,3.0
2750,1842.0,115.0,360.0,1,7.919719760924575,7.519149957669823,4.7535901911063645,3.0,2.0,2.0,2.0,2.0,3.0,3.0
3993,3274.0,207.0,360.0,1,8.29254851397576,8.094073148069352,5.337538079701318,3.0,2.0,4.0,2.0,2.0,3.0,3.0
3103,1300.0,80.0,360.0,1,8.04044688130311,7.170888478512505,4.394449154672439,3.0,2.0,4.0,2.0,2.0,3.0,2.0
14583,0.0,436.0,360.0,1,9.5876803163585,0.0,6.07993319509559,3.0,2.0,4.0,2.0,2.0,3.0,3.0
4100,0.0,124.0,360.0,1,8.31898612539206,0.0,4.8283137373023015,2.0,2.0,4.0,1.0,2.0,2.0,1.0
4053,2426.0,158.0,360.0,0,8.307459327011946,7.794411205726601,5.0689042022202315,3.0,1.0,2.0,1.0,1.0,1.0,2.0
3927,800.0,112.0,360.0,1,8.275885669474356,6.68586094706836,4.727387818712341,3.0,2.0,4.0,2.0,2.0,3.0,3.0
2301,985.7999878,78.0,180.0,1,7.741533589281828,6.894467372292008,4.3694478524670215,3.0,2.0,5.0,2.0,2.0,3.0,2.0
1811,1666.0,54.0,360.0,1,7.502186486602924,7.418780882750794,4.007333185232471,2.0,1.0,4.0,2.0,2.0,3.0,2.0
20667,0.0,128.0,360.0,0,9.936341889407075,0.0,4.859812404361672,3.0,2.0,4.0,2.0,2.0,3.0,1.0
3158,3053.0,89.0,360.0,1,8.058010800802085,8.024207485778577,4.499809670330265,3.0,1.0,4.0,2.0,2.0,3.0,1.0
2600,1717.0,99.0,300.0,0,7.8636512654486515,7.4489161025442,4.605170185988092,2.0,1.0,4.0,2.0,1.0,3.0,3.0
3704,2000.0,120.0,360.0,1,8.217438537730187,7.601402334583733,4.795790545596741,3.0,2.0,4.0,2.0,2.0,3.0,1.0
4124,0.0,115.0,360.0,1,8.324821298768782,0.0,4.7535901911063645,2.0,1.0,4.0,2.0,2.0,3.0,3.0
9508,0.0,187.0,360.0,1,9.159993997539445,0.0,5.236441962829949,3.0,1.0,4.0,2.0,2.0,3.0,1.0
3075,2416.0,139.0,360.0,1,8.031385330625534,7.790282380703483,4.941642422609304,3.0,2.0,4.0,2.0,2.0,3.0,1.0
4400,0.0,127.0,360.0,0,8.38958706681109,0.0,4.852030263919617,3.0,2.0,5.0,2.0,2.0,1.0,3.0
3153,1560.0,134.0,360.0,1,8.056426767522984,7.353081920515432,4.90527477843843,3.0,2.0,5.0,2.0,2.0,3.0,2.0
5417,0.0,143.0,480.0,0,8.59748202264504,0.0,4.969813299576001,2.0,1.0,1.0,2.0,2.0,1.0,2.0
2383,3334.0,172.0,360.0,1,7.776535028185241,8.112227958349724,5.153291594497779,3.0,2.0,4.0,2.0,2.0,3.0,3.0
4416,1250.0,110.0,360.0,1,8.393216011596527,7.1316985104669115,4.709530201312334,3.0,2.0,3.0,2.0,3.0,3.0,2.0
6875,0.0,200.0,360.0,1,8.83579236650274,0.0,5.303304908059076,3.0,2.0,2.0,2.0,2.0,3.0,3.0
4666,0.0,135.0,360.0,1,8.448271745949816,0.0,4.912654885736052,2.0,2.0,2.0,2.0,2.0,3.0,2.0
5000,2541.0,151.0,480.0,0,8.517393171418904,7.8407064517494,5.0238805208462765,2.0,1.0,4.0,2.0,2.0,3.0,1.0
2014,2925.0,113.0,360.0,0,7.608374474380783,7.98139158158007,4.736198448394496,3.0,2.0,2.0,2.0,2.0,3.0,2.0
1800,2934.0,93.0,360.0,0,7.496097345175956,7.984462732262196,4.543294782270004,3.0,2.0,4.0,1.0,2.0,1.0,2.0
2875,1750.0,105.0,360.0,1,7.964155718840937,7.467942332285852,4.663439094112067,3.0,2.0,1.0,1.0,2.0,3.0,3.0
5000,0.0,132.0,360.0,1,8.517393171418904,0.0,4.890349128221754,2.0,1.0,4.0,2.0,2.0,3.0,1.0
1625,1803.0,96.0,360.0,1,7.3938782901077555,7.4977617006225685,4.574710978503383,3.0,2.0,2.0,2.0,2.0,3.0,2.0
4000,2500.0,140.0,360.0,1,8.294299608857235,7.824445930877619,4.948759890378168,3.0,1.0,4.0,2.0,2.0,3.0,1.0
2000,0.0,128.0,360.0,0,7.601402334583733,0.0,4.859812404361672,3.0,1.0,4.0,1.0,2.0,3.0,2.0
3762,1666.0,135.0,360.0,1,8.232971790593437,7.418780882750794,4.912654885736052,2.0,1.0,4.0,2.0,2.0,3.0,1.0
2400,1863.0,104.0,360.0,0,7.783640596221253,7.530479995245536,4.653960350157523,2.0,1.0,4.0,2.0,2.0,1.0,2.0
20233,0.0,480.0,360.0,0,9.915119636765835,0.0,6.175867270105761,3.0,1.0,4.0,2.0,2.0,3.0,1.0
7667,0.0,185.0,360.0,1,8.944811104165534,0.0,5.225746673713202,3.0,2.0,5.0,1.0,2.0,2.0,1.0
2917,0.0,84.0,360.0,1,7.978653729082731,0.0,4.442651256490317,2.0,1.0,4.0,2.0,2.0,3.0,3.0
2927,2405.0,111.0,360.0,1,7.982074875081202,7.785720896534624,4.718498871295094,3.0,1.0,4.0,1.0,2.0,3.0,3.0
2507,0.0,56.0,360.0,1,7.827240901752812,0.0,4.04305126783455,2.0,1.0,4.0,2.0,2.0,3.0,1.0
5746,0.0,144.0,84.0,1,8.656433258507741,0.0,4.976733742420574,3.0,2.0,5.0,2.0,1.0,2.0,1.0
2473,1843.0,159.0,360.0,0,7.813591552952433,7.519692404116539,5.075173815233827,1.0,2.0,4.0,2.0,2.0,3.0,1.0
3399,1640.0,111.0,180.0,1,8.131530710604252,7.403061091090091,4.718498871295094,3.0,2.0,2.0,1.0,2.0,3.0,2.0
3717,0.0,120.0,360.0,1,8.220941168281389,0.0,4.795790545596741,3.0,2.0,5.0,2.0,2.0,3.0,3.0
2058,2134.0,88.0,360.0,1,7.629975707027789,7.666221925662725,4.48863636973214,3.0,2.0,4.0,2.0,2.0,2.0,2.0
3541,0.0,112.0,360.0,1,8.17244681834278,0.0,4.727387818712341,2.0,1.0,2.0,2.0,2.0,2.0,3.0
10000,0.0,155.0,360.0,0,9.210440366976517,0.0,5.049856007249537,3.0,2.0,2.0,2.0,1.0,3.0,1.0
2400,2167.0,115.0,360.0,1,7.783640596221253,7.681560362559537,4.7535901911063645,3.0,2.0,4.0,2.0,2.0,3.0,3.0
4342,189.0,124.0,360.0,1,8.376320632534823,5.247024072160486,4.8283137373023015,3.0,2.0,3.0,2.0,2.0,3.0,3.0
3601,1590.0,128.0,360.0,1,8.189244525735901,7.372118028337787,4.859812404361672,3.0,2.0,5.0,1.0,2.0,3.0,1.0
3166,2985.0,132.0,360.0,1,8.06054004653864,8.001689978099135,4.890349128221754,2.0,1.0,4.0,2.0,2.0,2.0,1.0
15000,0.0,300.0,360.0,1,9.61587214452889,0.0,5.707110264748875,3.0,2.0,3.0,2.0,2.0,3.0,1.0
8666,4983.0,376.0,360.0,0,9.067277989134345,8.51398806046729,5.932245187448011,3.0,2.0,2.0,2.0,1.0,1.0,1.0
4917,0.0,130.0,360.0,1,8.500657222776137,0.0,4.875197323201151,3.0,1.0,4.0,2.0,2.0,1.0,1.0
5818,2160.0,184.0,360.0,1,8.66888370465667,7.6783263565068856,5.220355825078324,3.0,2.0,4.0,2.0,1.0,3.0,3.0
4333,2451.0,110.0,360.0,0,8.374246182096304,7.804659297056102,4.709530201312334,2.0,2.0,4.0,2.0,2.0,3.0,2.0
2500,0.0,67.0,360.0,1,7.824445930877619,0.0,4.219507705176107,2.0,1.0,4.0,2.0,2.0,3.0,2.0
4384,1793.0,117.0,360.0,1,8.385944904806284,7.492203042618741,4.770684624465665,3.0,1.0,2.0,2.0,2.0,3.0,2.0
2935,0.0,98.0,360.0,1,7.984803389734406,0.0,4.59511985013459,3.0,1.0,4.0,2.0,2.0,3.0,3.0
2833,0.0,71.0,360.0,1,7.949444420250626,0.0,4.276666119016055,3.0,1.0,1.0,2.0,2.0,3.0,2.0
63337,0.0,490.0,180.0,1,11.056240743970491,0.0,6.19644412779452,3.0,2.0,4.0,2.0,3.0,3.0,2.0
9833,1833.0,182.0,180.0,1,9.193601047971885,7.51425465281641,5.209486152841421,1.0,2.0,2.0,2.0,1.0,3.0,2.0
5503,4490.0,70.0,360.0,1,8.61323037961318,8.409830673087738,4.2626798770413155,3.0,2.0,1.0,2.0,1.0,3.0,3.0
5250,688.0,160.0,360.0,1,8.566173813637858,6.535241271013659,5.081404364984463,3.0,2.0,2.0,2.0,3.0,3.0,1.0
2500,4600.0,176.0,360.0,1,7.824445930877619,8.434028950155469,5.176149732573829,3.0,2.0,5.0,2.0,1.0,3.0,1.0
1830,0.0,128.0,360.0,0,7.5126175446745105,0.0,4.859812404361672,2.0,1.0,3.0,1.0,2.0,1.0,2.0
4160,0.0,71.0,360.0,1,8.333510708982942,0.0,4.276666119016055,2.0,1.0,4.0,2.0,2.0,3.0,3.0
2647,1587.0,173.0,360.0,0,7.881559917056899,7.370230641807081,5.159055299214529,3.0,2.0,3.0,1.0,2.0,3.0,1.0
2378,0.0,46.0,360.0,0,7.774435510302958,0.0,3.8501476017100584,2.0,1.0,4.0,2.0,2.0,3.0,1.0
4554,1229.0,158.0,360.0,1,8.423980809694058,7.114769448366463,5.0689042022202315,3.0,2.0,2.0,1.0,2.0,3.0,2.0
3173,0.0,74.0,360.0,1,8.062747901086354,0.0,4.31748811353631,3.0,2.0,3.0,1.0,2.0,3.0,3.0
2583,2330.0,125.0,360.0,1,7.857093864902493,7.754052639035757,4.836281906951478,3.0,2.0,5.0,2.0,3.0,3.0,1.0
2499,2458.0,160.0,360.0,1,7.824046010856292,7.807510042216193,5.081404364984463,3.0,2.0,4.0,2.0,2.0,3.0,3.0
3523,3230.0,152.0,360.0,0,8.16735198705607,8.080546965824498,5.030437921392435,3.0,2.0,1.0,1.0,2.0,1.0,1.0
3083,2168.0,126.0,360.0,1,8.03398273468322,7.682021510826875,4.844187086458591,3.0,2.0,5.0,1.0,2.0,3.0,2.0
6333,4583.0,259.0,360.0,1,8.753687227098585,8.430327258394575,5.560681631015528,3.0,2.0,4.0,2.0,2.0,2.0,3.0
2625,6250.0,187.0,360.0,1,7.873217054862741,8.740496729931813,5.236441962829949,3.0,2.0,4.0,2.0,2.0,3.0,1.0
9083,0.0,228.0,360.0,1,9.114269903225448,0.0,5.43372200355424,3.0,2.0,4.0,2.0,2.0,3.0,3.0
8750,4167.0,308.0,360.0,0,9.076923258535832,8.335191583433202,5.733341276897746,3.0,1.0,4.0,2.0,2.0,3.0,1.0
2666,2083.0,95.0,360.0,1,7.888709524182015,7.642044402873258,4.564348191467836,3.0,2.0,3.0,2.0,2.0,3.0,1.0
5500,0.0,105.0,360.0,0,8.612685172875459,0.0,4.663439094112067,2.0,2.0,4.0,2.0,1.0,1.0,1.0
2423,505.0,130.0,360.0,1,7.793174347189205,6.226536669287466,4.875197323201151,2.0,2.0,4.0,2.0,2.0,3.0,3.0
3813,0.0,116.0,180.0,1,8.246433786160365,0.0,4.762173934797756,2.0,1.0,1.0,2.0,2.0,3.0,2.0
8333,3167.0,165.0,360.0,1,9.0280988119824,8.060855752934316,5.111987788356544,3.0,2.0,5.0,2.0,2.0,3.0,1.0
3875,0.0,67.0,360.0,0,8.262558973010657,0.0,4.219507705176107,3.0,2.0,2.0,2.0,2.0,3.0,2.0
3000,1666.0,100.0,480.0,0,8.006700845440367,7.418780882750794,4.61512051684126,3.0,2.0,4.0,1.0,2.0,1.0,2.0
5167,3167.0,200.0,360.0,1,8.550241045462437,8.060855752934316,5.303304908059076,3.0,2.0,3.0,2.0,2.0,3.0,3.0
4723,0.0,81.0,360.0,0,8.460411177317253,0.0,4.406719247264253,2.0,1.0,2.0,2.0,2.0,3.0,3.0
5000,3667.0,236.0,360.0,1,8.517393171418904,8.207401833376355,5.4680601411351315,3.0,2.0,5.0,2.0,2.0,3.0,3.0
4750,2333.0,130.0,360.0,1,8.46611040118692,7.755338812846501,4.875197323201151,3.0,2.0,4.0,2.0,2.0,3.0,2.0
3013,3033.0,95.0,300.0,1,8.01102337918644,8.017637159908478,4.564348191467836,3.0,2.0,4.0,2.0,2.0,2.0,2.0
6822,0.0,141.0,360.0,1,8.828054536815424,0.0,4.955827057601261,3.0,1.0,4.0,2.0,1.0,3.0,1.0
6216,0.0,133.0,360.0,0,8.735042754269337,0.0,4.897839799950911,3.0,1.0,4.0,1.0,2.0,3.0,1.0
2500,0.0,96.0,480.0,0,7.824445930877619,0.0,4.574710978503383,3.0,1.0,4.0,2.0,2.0,3.0,3.0
5124,0.0,124.0,360.0,0,8.54188580400661,0.0,4.8283137373023015,3.0,1.0,4.0,2.0,2.0,1.0,1.0
6325,0.0,175.0,360.0,1,8.752423403865594,0.0,5.170483995038151,3.0,2.0,2.0,2.0,2.0,3.0,3.0
19730,5266.0,570.0,360.0,0,9.889946281969461,8.569216219483389,6.3473892096560105,3.0,2.0,4.0,2.0,2.0,3.0,1.0
15759,0.0,55.0,360.0,1,9.66523036341187,0.0,4.02535169073515,2.0,1.0,4.0,2.0,1.0,3.0,3.0
5185,0.0,155.0,360.0,1,8.55371796609861,0.0,5.049856007249537,3.0,2.0,5.0,2.0,2.0,3.0,3.0
9323,7873.0,380.0,300.0,1,9.140347000155648,8.971321471503682,5.942799375126701,3.0,2.0,5.0,2.0,1.0,3.0,1.0
3062,1987.0,111.0,180.0,0,8.027150106832774,7.59488438721652,4.718498871295094,3.0,1.0,2.0,2.0,2.0,1.0,2.0
2764,1459.0,110.0,360.0,1,7.9247959139564355,7.286191714702382,4.709530201312334,2.0,1.0,4.0,2.0,3.0,3.0,2.0
4817,923.0,120.0,180.0,1,8.480114183174816,6.828712071641684,4.795790545596741,3.0,2.0,4.0,2.0,2.0,3.0,2.0
8750,4996.0,130.0,360.0,1,9.076923258535832,8.516593011344206,4.875197323201151,3.0,2.0,3.0,2.0,2.0,3.0,1.0
4310,0.0,130.0,360.0,1,8.368925174747135,0.0,4.875197323201151,3.0,2.0,4.0,2.0,2.0,2.0,3.0
3069,0.0,71.0,480.0,0,8.029432840581244,0.0,4.276666119016055,3.0,1.0,4.0,2.0,2.0,3.0,2.0
5391,0.0,130.0,360.0,1,8.592671652592143,0.0,4.875197323201151,3.0,2.0,5.0,2.0,2.0,3.0,2.0
3333,2500.0,128.0,360.0,1,8.111928063310739,7.824445930877619,4.859812404361672,3.0,2.0,4.0,2.0,3.0,3.0,3.0
5941,4232.0,296.0,360.0,1,8.689801056022553,8.350666240520924,5.6937321388027,3.0,1.0,4.0,2.0,2.0,3.0,3.0
6000,0.0,156.0,360.0,1,8.699681400989514,0.0,5.056245805348308,2.0,1.0,4.0,2.0,2.0,3.0,2.0
7167,0.0,128.0,360.0,1,8.877381954654766,0.0,4.859812404361672,3.0,1.0,4.0,2.0,1.0,3.0,2.0
4566,0.0,100.0,360.0,0,8.426611813185,0.0,4.61512051684126,3.0,2.0,5.0,2.0,2.0,3.0,2.0
3667,0.0,113.0,180.0,1,8.207401833376355,0.0,4.736198448394496,3.0,1.0,2.0,2.0,3.0,3.0,2.0
2346,1600.0,132.0,360.0,1,7.760893195851024,7.3783837129967145,4.890349128221754,3.0,1.0,4.0,1.0,2.0,3.0,3.0
3010,3136.0,128.0,360.0,0,8.010027528481734,8.051022208190679,4.859812404361672,3.0,2.0,4.0,1.0,2.0,1.0,2.0
2333,2417.0,136.0,360.0,1,7.755338812846501,7.790696031174738,4.919980925828125,3.0,2.0,4.0,2.0,2.0,3.0,2.0
5488,0.0,125.0,360.0,1,8.610501368549889,0.0,4.836281906951478,3.0,2.0,4.0,2.0,2.0,3.0,1.0
9167,0.0,185.0,360.0,1,9.12347443895452,0.0,5.225746673713202,3.0,1.0,3.0,2.0,2.0,3.0,1.0
9504,0.0,275.0,360.0,1,9.15957325492253,0.0,5.62040086571715,3.0,2.0,3.0,2.0,2.0,3.0,1.0
2583,2115.0,120.0,360.0,1,7.857093864902493,7.65728279297819,4.795790545596741,3.0,2.0,4.0,2.0,2.0,2.0,2.0
1993,1625.0,113.0,180.0,1,7.597897950521784,7.3938782901077555,4.736198448394496,3.0,2.0,5.0,1.0,2.0,3.0,3.0
3100,1400.0,113.0,360.0,1,8.03947991910045,7.244941546337007,4.736198448394496,3.0,2.0,5.0,2.0,2.0,3.0,2.0
3276,484.0,135.0,360.0,1,8.094683648698815,6.184148890937483,4.912654885736052,3.0,2.0,5.0,2.0,2.0,2.0,3.0
3180,0.0,71.0,360.0,0,8.064950891749143,0.0,4.276666119016055,2.0,1.0,4.0,2.0,2.0,1.0,2.0
3033,1459.0,95.0,360.0,1,8.017637159908478,7.286191714702382,4.564348191467836,3.0,2.0,4.0,2.0,2.0,3.0,2.0
3902,1666.0,109.0,360.0,1,8.269500767180615,7.418780882750794,4.700480365792417,3.0,1.0,4.0,1.0,2.0,3.0,1.0
1500,1800.0,103.0,360.0,0,7.313886831633462,7.496097345175956,4.6443908991413725,2.0,1.0,4.0,2.0,2.0,1.0,3.0
2889,0.0,45.0,180.0,0,7.969011781106478,0.0,3.828641396489095,3.0,2.0,5.0,1.0,2.0,1.0,2.0
2755,0.0,65.0,300.0,0,7.9215356321335495,0.0,4.189654742026425,3.0,1.0,4.0,1.0,2.0,3.0,1.0
2500,20000.0,103.0,360.0,1,7.824445930877619,9.90353755128617,4.6443908991413725,3.0,1.0,4.0,2.0,2.0,3.0,3.0
1963,0.0,53.0,360.0,1,7.582738488914411,0.0,3.9889840465642745,2.0,1.0,4.0,1.0,2.0,3.0,3.0
7441,0.0,194.0,360.0,0,8.914894908906568,0.0,5.272999558563747,2.0,1.0,4.0,2.0,1.0,3.0,1.0
4547,0.0,115.0,360.0,1,8.422442854870427,0.0,4.7535901911063645,2.0,1.0,4.0,2.0,2.0,3.0,3.0
2167,2400.0,115.0,360.0,1,7.681560362559537,7.783640596221253,4.7535901911063645,3.0,2.0,4.0,1.0,2.0,3.0,2.0
2213,0.0,66.0,360.0,1,7.7025561132685825,0.0,4.204692619390966,2.0,1.0,4.0,1.0,2.0,3.0,1.0
8300,0.0,152.0,300.0,0,9.024131268455035,0.0,5.030437921392435,3.0,2.0,2.0,2.0,2.0,1.0,3.0
81000,0.0,360.0,360.0,0,11.302216779257382,0.0,5.8888779583328805,3.0,2.0,3.0,2.0,2.0,1.0,1.0
3867,0.0,62.0,360.0,0,8.260492856573185,0.0,4.143134726391533,2.0,1.0,2.0,1.0,1.0,3.0,3.0
6256,0.0,160.0,360.0,1,8.741456115998364,0.0,5.081404364984463,3.0,2.0,4.0,2.0,3.0,2.0,2.0
6096,0.0,218.0,360.0,0,8.715552125907816,0.0,5.389071729816501,3.0,2.0,4.0,1.0,2.0,1.0,1.0
2253,2033.0,110.0,360.0,1,7.720461694599722,7.617759576608505,4.709530201312334,3.0,2.0,4.0,1.0,2.0,3.0,1.0
2149,3237.0,178.0,360.0,0,7.673223121121708,8.08271113423758,5.187385805840755,2.0,2.0,4.0,1.0,2.0,1.0,3.0
2995,0.0,60.0,360.0,1,8.005033344637111,0.0,4.110873864173311,2.0,1.0,4.0,2.0,2.0,3.0,2.0
2600,0.0,160.0,360.0,0,7.8636512654486515,0.0,5.081404364984463,2.0,1.0,2.0,2.0,2.0,3.0,2.0
1600,20000.0,239.0,360.0,0,7.3783837129967145,9.90353755128617,5.480638923341991,3.0,2.0,5.0,2.0,1.0,3.0,2.0
1025,2773.0,112.0,360.0,1,6.933423025730715,7.928045600874777,4.727387818712341,3.0,2.0,4.0,2.0,2.0,3.0,1.0
3246,1417.0,138.0,360.0,1,8.085486772102845,7.257002707092073,4.9344739331306915,3.0,2.0,4.0,2.0,2.0,3.0,3.0
5829,0.0,138.0,360.0,1,8.670772279344538,0.0,4.9344739331306915,3.0,2.0,4.0,2.0,2.0,3.0,1.0
2720,0.0,80.0,360.0,0,7.908754738783246,0.0,4.394449154672439,2.0,1.0,4.0,1.0,2.0,1.0,2.0
1820,1719.0,100.0,360.0,1,7.507141079727608,7.450079569807499,4.61512051684126,3.0,2.0,4.0,2.0,2.0,3.0,2.0
7250,1667.0,110.0,360.0,0,8.888894669371593,7.419380582918692,4.709530201312334,3.0,2.0,2.0,2.0,2.0,1.0,2.0
14880,0.0,96.0,360.0,1,9.60784051043005,0.0,4.574710978503383,3.0,2.0,4.0,2.0,2.0,3.0,3.0
2666,4300.0,121.0,360.0,1,7.888709524182015,8.366602832783736,4.804021044733257,3.0,2.0,4.0,2.0,2.0,3.0,1.0
4606,0.0,81.0,360.0,0,8.435332164935916,0.0,4.406719247264253,2.0,1.0,2.0,1.0,2.0,3.0,1.0
5935,0.0,133.0,360.0,1,8.688790784847216,0.0,4.897839799950911,3.0,2.0,5.0,2.0,2.0,3.0,3.0
2920,16.12000084,87.0,360.0,1,7.979681302387741,2.8402474197790153,4.477336814478207,3.0,2.0,4.0,2.0,2.0,3.0,1.0
2717,0.0,60.0,180.0,1,7.907651594711089,0.0,4.110873864173311,3.0,1.0,4.0,1.0,2.0,3.0,2.0
8624,0.0,150.0,360.0,1,9.062420241899561,0.0,5.017279836814924,2.0,1.0,2.0,2.0,1.0,3.0,3.0
6500,0.0,105.0,360.0,0,8.77971129020447,0.0,4.663439094112067,3.0,1.0,4.0,2.0,2.0,1.0,1.0
12876,0.0,405.0,360.0,1,9.463198053273784,0.0,6.0063531596017325,3.0,1.0,4.0,2.0,3.0,3.0,3.0
2425,2340.0,143.0,360.0,1,7.793999089503996,7.75833346749091,4.969813299576001,3.0,2.0,4.0,2.0,2.0,3.0,3.0
3750,0.0,100.0,360.0,1,8.229777750081887,0.0,4.61512051684126,3.0,1.0,4.0,2.0,2.0,3.0,2.0
10047,0.0,128.0,240.0,1,9.21512888870798,0.0,4.859812404361672,2.0,3.0,1.0,2.0,2.0,3.0,3.0
1926,1851.0,50.0,360.0,1,7.563719668414366,7.524021415206125,3.9318256327243257,3.0,1.0,4.0,2.0,2.0,3.0,3.0
2213,1125.0,128.0,360.0,1,7.7025561132685825,7.026426808699636,4.859812404361672,3.0,2.0,4.0,2.0,2.0,3.0,2.0
10416,0.0,187.0,360.0,0,9.251194365984448,0.0,5.236441962829949,3.0,1.0,4.0,2.0,1.0,1.0,2.0
7142,0.0,138.0,360.0,1,8.873888135154973,0.0,4.9344739331306915,2.0,2.0,4.0,1.0,1.0,3.0,1.0
3660,5064.0,187.0,360.0,1,8.205491613120236,8.530109416682784,5.236441962829949,3.0,1.0,4.0,2.0,2.0,3.0,3.0
7901,1833.0,180.0,360.0,1,8.974871170971337,7.51425465281641,5.198497031265826,3.0,2.0,4.0,2.0,2.0,3.0,1.0
4707,1993.0,148.0,360.0,1,8.457018468380168,7.597897950521784,5.003946305945459,3.0,1.0,3.0,1.0,2.0,3.0,3.0
37719,0.0,152.0,360.0,1,10.537945736747394,0.0,5.030437921392435,3.0,1.0,2.0,2.0,2.0,3.0,3.0
7333,8333.0,175.0,300.0,1,8.900276348631271,9.0280988119824,5.170483995038151,3.0,2.0,4.0,2.0,2.0,2.0,1.0
3466,1210.0,130.0,360.0,1,8.151044945685024,7.099201743553092,4.875197323201151,3.0,2.0,2.0,2.0,1.0,3.0,1.0
4652,0.0,110.0,360.0,1,8.445267451844648,0.0,4.709530201312334,3.0,2.0,5.0,1.0,2.0,3.0,1.0
3539,1376.0,55.0,360.0,0,8.17188200612782,7.227662498728654,4.02535169073515,3.0,2.0,4.0,2.0,3.0,3.0,1.0
3340,1710.0,150.0,360.0,0,8.114025442356757,7.444833273892193,5.017279836814924,3.0,2.0,5.0,2.0,2.0,1.0,1.0
2769,1542.0,190.0,360.0,0,7.926602599181384,7.341483852363161,5.25227342804663,3.0,1.0,2.0,1.0,1.0,2.0,3.0
2309,1255.0,125.0,360.0,0,7.745002803515839,7.135687347028144,4.836281906951478,3.0,2.0,5.0,1.0,2.0,1.0,1.0
1958,1456.0,60.0,300.0,1,7.580189417944541,7.284134806195205,4.110873864173311,3.0,2.0,5.0,1.0,2.0,2.0,2.0
3948,1733.0,149.0,360.0,0,8.28121766128665,7.458186157340487,5.0106352940962555,3.0,2.0,4.0,2.0,2.0,1.0,1.0
2483,2466.0,90.0,180.0,1,7.81762544305337,7.810758116529357,4.51085950651685,3.0,2.0,4.0,2.0,2.0,1.0,1.0
7085,0.0,84.0,360.0,1,8.865876285425417,0.0,4.442651256490317,3.0,1.0,4.0,2.0,1.0,3.0,3.0
3859,0.0,96.0,360.0,1,8.258422462458876,0.0,4.574710978503383,3.0,2.0,5.0,2.0,2.0,3.0,3.0
4301,0.0,118.0,360.0,1,8.366835309827675,0.0,4.77912349311153,3.0,2.0,4.0,2.0,2.0,3.0,2.0
3708,2569.0,173.0,360.0,0,8.21851757748959,7.851661177889265,5.159055299214529,3.0,2.0,4.0,2.0,2.0,3.0,2.0
4354,0.0,136.0,360.0,1,8.379079889286603,0.0,4.919980925828125,3.0,1.0,5.0,2.0,2.0,3.0,1.0
8334,0.0,160.0,360.0,0,9.028218795184895,0.0,5.081404364984463,3.0,2.0,4.0,2.0,2.0,3.0,3.0
2083,4083.0,160.0,360.0,1,7.642044402873258,8.314832179284556,5.081404364984463,1.0,2.0,4.0,2.0,1.0,2.0,3.0
7740,0.0,128.0,180.0,1,8.954286157204713,0.0,4.859812404361672,3.0,2.0,3.0,2.0,2.0,3.0,2.0
3015,2188.0,153.0,360.0,1,8.011686729127847,7.691200097522863,5.0369526024136295,3.0,2.0,4.0,2.0,2.0,3.0,1.0
5191,0.0,132.0,360.0,1,8.554874258383926,0.0,4.890349128221754,2.0,1.0,2.0,1.0,3.0,3.0,3.0
4166,0.0,98.0,360.0,0,8.334951631422454,0.0,4.59511985013459,3.0,1.0,4.0,2.0,2.0,1.0,3.0
6000,0.0,140.0,360.0,1,8.699681400989514,0.0,4.948759890378168,3.0,1.0,4.0,2.0,2.0,3.0,1.0
2947,1664.0,70.0,180.0,0,7.988882253309227,7.417580402414544,4.2626798770413155,3.0,2.0,3.0,1.0,2.0,1.0,2.0
16692,0.0,110.0,360.0,1,9.722744748855389,0.0,4.709530201312334,1.0,2.0,4.0,2.0,2.0,3.0,3.0
210,2917.0,98.0,360.0,1,5.351858133476067,7.978653729082731,4.59511985013459,2.0,2.0,5.0,1.0,3.0,3.0,3.0
4333,2451.0,110.0,360.0,0,8.374246182096304,7.804659297056102,4.709530201312334,3.0,2.0,4.0,2.0,2.0,3.0,2.0
3450,2079.0,162.0,360.0,1,8.146419323098003,7.640123172695364,5.093750200806762,3.0,2.0,2.0,2.0,1.0,3.0,3.0
2653,1500.0,113.0,180.0,0,7.8838232148921525,7.313886831633462,4.736198448394496,3.0,2.0,2.0,1.0,2.0,1.0,1.0
4691,0.0,100.0,360.0,1,8.453614209773367,0.0,4.61512051684126,3.0,2.0,3.0,2.0,2.0,3.0,3.0
2500,0.0,93.0,360.0,1,7.824445930877619,0.0,4.543294782270004,2.0,1.0,4.0,2.0,1.0,2.0,2.0
5532,4648.0,162.0,360.0,1,8.618485442898109,8.444407421690585,5.093750200806762,3.0,1.0,5.0,2.0,2.0,3.0,1.0
16525,1014.0,150.0,360.0,1,9.71269017726113,6.922643891475888,5.017279836814924,3.0,2.0,5.0,2.0,1.0,3.0,1.0
6700,1750.0,230.0,300.0,1,8.81001204797317,7.467942332285852,5.442417710521793,3.0,2.0,5.0,2.0,2.0,3.0,3.0
2873,1872.0,132.0,360.0,0,7.96346006663897,7.5352967024440884,4.890349128221754,1.0,2.0,5.0,2.0,2.0,1.0,3.0
16667,2250.0,86.0,360.0,1,9.721245992542345,7.719129840906732,4.465908118654584,3.0,2.0,2.0,2.0,1.0,3.0,3.0
2947,1603.0,128.0,360.0,0,7.988882253309227,7.38025578842646,4.859812404361672,3.0,2.0,5.0,2.0,2.0,3.0,2.0
4350,0.0,154.0,360.0,1,8.37816098272068,0.0,5.043425116919247,2.0,1.0,4.0,1.0,2.0,3.0,1.0
3095,0.0,113.0,360.0,1,8.037866234709618,0.0,4.736198448394496,3.0,2.0,3.0,1.0,2.0,3.0,1.0
2083,3150.0,128.0,360.0,1,7.642044402873258,8.055475141757274,4.859812404361672,3.0,2.0,4.0,2.0,2.0,3.0,3.0
10833,0.0,234.0,360.0,1,9.290444616217844,0.0,5.459585514144159,3.0,2.0,4.0,2.0,2.0,3.0,3.0
8333,0.0,246.0,360.0,1,9.0280988119824,0.0,5.5093883366279774,3.0,2.0,5.0,2.0,2.0,3.0,3.0
1958,2436.0,131.0,360.0,1,7.580189417944541,7.798523053625206,4.882801922586371,3.0,2.0,2.0,1.0,2.0,3.0,1.0
3547,0.0,80.0,360.0,0,8.17413934342947,0.0,4.394449154672439,3.0,1.0,5.0,2.0,2.0,1.0,1.0
18333,0.0,500.0,360.0,0,9.816512538521721,0.0,6.2166061010848646,3.0,2.0,2.0,2.0,2.0,3.0,2.0
4583,2083.0,160.0,360.0,1,8.430327258394575,7.642044402873258,5.081404364984463,3.0,2.0,5.0,2.0,1.0,3.0,3.0
2435,0.0,75.0,360.0,0,7.798112628829788,0.0,4.330733340286331,3.0,1.0,4.0,2.0,2.0,3.0,2.0
2699,2785.0,96.0,360.0,1,7.90100705199242,7.932362154339751,4.574710978503383,3.0,1.0,4.0,1.0,2.0,2.0,3.0
5333,1131.0,186.0,360.0,1,8.58185670474196,7.0317412587631285,5.231108616854587,3.0,2.0,2.0,1.0,2.0,2.0,2.0
3691,0.0,110.0,360.0,1,8.213923595622743,0.0,4.709530201312334,3.0,1.0,4.0,1.0,2.0,3.0,1.0
17263,0.0,225.0,360.0,1,9.756378687497916,0.0,5.420534999272286,2.0,1.0,4.0,1.0,1.0,3.0,3.0
3597,2157.0,119.0,360.0,0,8.188133414510478,7.67693714581808,4.787491742782046,3.0,2.0,4.0,2.0,2.0,1.0,1.0
3326,913.0,105.0,84.0,1,8.109826276018477,6.81783057145415,4.663439094112067,2.0,2.0,2.0,2.0,2.0,3.0,3.0
2600,1700.0,107.0,360.0,1,7.8636512654486515,7.438971592395862,4.68213122712422,3.0,2.0,4.0,1.0,2.0,3.0,1.0
4625,2857.0,111.0,12.0,1,8.439447842791385,7.957877358489813,4.718498871295094,3.0,2.0,4.0,2.0,2.0,2.0,2.0
2895,0.0,95.0,360.0,1,7.971085753505607,0.0,4.564348191467836,3.0,2.0,2.0,2.0,1.0,3.0,3.0
6283,4416.0,209.0,360.0,0,8.745761999375512,8.393216011596527,5.3471075307174685,3.0,1.0,4.0,2.0,2.0,1.0,1.0
645,3683.0,113.0,480.0,1,6.470799503782602,8.211754397375197,4.736198448394496,2.0,1.0,4.0,2.0,2.0,3.0,1.0
3159,0.0,100.0,360.0,1,8.058327306580958,0.0,4.61512051684126,2.0,1.0,4.0,2.0,2.0,3.0,3.0
4865,5624.0,208.0,360.0,1,8.490027523343468,8.63497622707262,5.342334251964811,3.0,2.0,5.0,2.0,2.0,3.0,3.0
4050,5302.0,138.0,360.0,0,8.30671904320269,8.57602797713713,4.9344739331306915,3.0,2.0,2.0,1.0,2.0,2.0,1.0
3814,1483.0,124.0,300.0,1,8.246695943718557,7.302496423727326,4.8283137373023015,3.0,2.0,4.0,1.0,2.0,3.0,3.0
3510,4416.0,243.0,360.0,1,8.163656176168432,8.393216011596527,5.497168225293202,3.0,2.0,5.0,2.0,2.0,3.0,1.0
20833,6667.0,480.0,360.0,1,9.944341546544393,8.805075243870684,6.175867270105761,3.0,2.0,4.0,2.0,2.0,2.0,2.0
3583,0.0,96.0,360.0,0,8.18423477409482,0.0,4.574710978503383,1.0,1.0,4.0,2.0,2.0,3.0,2.0
2479,3013.0,188.0,360.0,1,7.8160138391590275,8.01102337918644,5.241747015059643,3.0,2.0,4.0,2.0,1.0,3.0,2.0
13262,0.0,40.0,360.0,1,9.492733482494353,0.0,3.713572066704308,2.0,1.0,2.0,2.0,2.0,3.0,2.0
3598,1287.0,100.0,360.0,0,8.188411308079031,7.160845906664299,4.61512051684126,3.0,1.0,4.0,1.0,2.0,3.0,1.0
6065,2004.0,250.0,360.0,1,8.710454688248527,7.60339933974067,5.5254529391317835,3.0,2.0,2.0,2.0,2.0,3.0,3.0
3283,2035.0,148.0,360.0,1,8.096817470572319,7.618742377670413,5.003946305945459,3.0,2.0,5.0,2.0,2.0,3.0,2.0
2130,6666.0,70.0,180.0,0,7.664346632098617,8.80492526261806,4.2626798770413155,3.0,2.0,4.0,2.0,2.0,3.0,3.0
5815,3666.0,311.0,360.0,0,8.668368019213355,8.207129168071326,5.7430031878094825,3.0,1.0,4.0,2.0,2.0,3.0,1.0
3466,3428.0,150.0,360.0,1,8.151044945685024,8.14002395246292,5.017279836814924,3.0,2.0,3.0,2.0,2.0,3.0,1.0
2031,1632.0,113.0,480.0,1,7.616775808698373,7.398174092970465,4.736198448394496,2.0,2.0,5.0,2.0,2.0,3.0,3.0
3074,1800.0,123.0,360.0,0,8.031060180240619,7.496097345175956,4.820281565605037,3.0,2.0,1.0,1.0,2.0,1.0,3.0
4683,1915.0,185.0,360.0,0,8.451907724717607,7.557994958530806,5.225746673713202,3.0,1.0,4.0,2.0,2.0,3.0,3.0
3400,0.0,95.0,360.0,0,8.131824785007195,0.0,4.564348191467836,2.0,1.0,4.0,1.0,2.0,3.0,1.0
2192,1742.0,45.0,360.0,1,7.693025748417888,7.463363045520021,3.828641396489095,3.0,2.0,5.0,1.0,2.0,3.0,3.0
2500,0.0,55.0,360.0,1,7.824445930877619,0.0,4.02535169073515,3.0,1.0,4.0,2.0,2.0,3.0,3.0
5677,1424.0,100.0,360.0,1,8.644354337032917,7.261927092702751,4.61512051684126,3.0,2.0,3.0,2.0,1.0,3.0,1.0
7948,7166.0,480.0,360.0,1,8.980801413573113,8.877242435993919,6.175867270105761,3.0,2.0,5.0,2.0,1.0,3.0,1.0
4680,2087.0,128.0,360.0,0,8.45126704130007,7.643961949002529,4.859812404361672,3.0,1.0,4.0,2.0,2.0,3.0,3.0
17500,0.0,400.0,360.0,1,9.770013301136158,0.0,5.993961427306569,3.0,2.0,5.0,2.0,1.0,3.0,1.0
3775,0.0,110.0,360.0,1,8.236420527265391,0.0,4.709530201312334,3.0,2.0,4.0,2.0,2.0,3.0,3.0
5285,1430.0,161.0,360.0,1,8.572817095164234,7.266128779556451,5.087596335232384,3.0,2.0,2.0,1.0,2.0,1.0,3.0
2679,1302.0,94.0,360.0,1,7.893572073504902,7.172424577124845,4.553876891600541,3.0,1.0,2.0,1.0,2.0,3.0,3.0
6783,0.0,130.0,360.0,1,8.822322177471738,0.0,4.875197323201151,3.0,1.0,4.0,1.0,2.0,3.0,3.0
1025,5500.0,216.0,360.0,1,6.933423025730715,8.612685172875459,5.37989735354046,3.0,2.0,4.0,2.0,2.0,2.0,1.0
4281,0.0,100.0,360.0,1,8.362175469149628,0.0,4.61512051684126,3.0,2.0,3.0,2.0,2.0,3.0,2.0
3588,0.0,110.0,360.0,0,8.185628891147607,0.0,4.709530201312334,3.0,1.0,5.0,2.0,2.0,1.0,1.0
11250,0.0,196.0,360.0,0,9.328212292571072,0.0,5.2832037287379885,3.0,1.0,2.0,2.0,2.0,2.0,3.0
18165,0.0,125.0,360.0,1,9.80730699406216,0.0,4.836281906951478,2.0,1.0,4.0,1.0,1.0,3.0,2.0
2550,2042.0,126.0,360.0,1,7.844240718141811,7.622174594817622,4.844187086458591,3.0,1.0,4.0,1.0,3.0,3.0,1.0
6133,3906.0,324.0,360.0,1,8.721602344674197,8.27052509505507,5.783825182329737,3.0,2.0,4.0,2.0,2.0,3.0,2.0
3617,0.0,107.0,360.0,1,8.193676665955241,0.0,4.68213122712422,3.0,1.0,5.0,2.0,2.0,3.0,3.0
2917,536.0,66.0,360.0,0,7.978653729082731,6.285998094508865,4.204692619390966,3.0,2.0,4.0,1.0,2.0,3.0,1.0
6417,0.0,157.0,180.0,1,8.766861821669803,0.0,5.062595033026967,3.0,2.0,3.0,2.0,2.0,3.0,1.0
4608,2845.0,140.0,180.0,1,8.435766192720509,7.953669778649798,4.948759890378168,2.0,2.0,2.0,2.0,2.0,3.0,3.0
2138,0.0,99.0,360.0,0,7.668093709082406,0.0,4.605170185988092,2.0,1.0,4.0,2.0,2.0,1.0,3.0
3652,0.0,95.0,360.0,1,8.203304026795282,0.0,4.564348191467836,2.0,1.0,2.0,2.0,3.0,3.0,3.0
2239,2524.0,128.0,360.0,1,7.7142311448490855,7.83399634170946,4.859812404361672,3.0,2.0,2.0,1.0,2.0,3.0,2.0
3017,663.0,102.0,360.0,1,8.012349639327795,6.498282149476434,4.634728988229636,2.0,2.0,4.0,1.0,2.0,2.0,3.0
2768,1950.0,155.0,360.0,1,7.926241523170962,7.576097340623111,5.049856007249537,3.0,2.0,4.0,2.0,2.0,3.0,1.0
3358,0.0,80.0,36.0,0,8.119398589612294,0.0,4.394449154672439,3.0,1.0,4.0,1.0,2.0,3.0,3.0
2526,1783.0,145.0,360.0,1,7.834788107388194,7.486613313139955,4.983606621708336,3.0,1.0,4.0,2.0,2.0,3.0,1.0
5000,0.0,103.0,360.0,0,8.517393171418904,0.0,4.6443908991413725,2.0,1.0,4.0,2.0,2.0,1.0,3.0
2785,2016.0,110.0,360.0,1,7.932362154339751,7.6093665379542115,4.709530201312334,3.0,2.0,4.0,2.0,2.0,3.0,1.0
6633,0.0,128.0,360.0,0,8.799963219506997,0.0,4.859812404361672,3.0,2.0,5.0,2.0,1.0,1.0,1.0
2492,2375.0,128.0,360.0,1,7.821242083523558,7.773173680482536,4.859812404361672,3.0,2.0,2.0,1.0,2.0,3.0,1.0
3333,3250.0,158.0,360.0,1,8.111928063310739,8.086717920303906,5.0689042022202315,3.0,2.0,2.0,2.0,2.0,3.0,2.0
2454,2333.0,181.0,360.0,0,7.805882040228621,7.755338812846501,5.204006687076795,3.0,2.0,4.0,1.0,2.0,1.0,2.0
3593,4266.0,132.0,180.0,0,8.187021067343505,8.358666283188,4.890349128221754,3.0,2.0,4.0,2.0,2.0,1.0,1.0
5468,1032.0,26.0,360.0,1,8.606851063346772,6.940222469119639,3.295836866004329,3.0,2.0,2.0,2.0,2.0,3.0,3.0
2667,1625.0,84.0,360.0,1,7.889084407035514,7.3938782901077555,4.442651256490317,2.0,1.0,4.0,2.0,2.0,2.0,2.0
10139,0.0,260.0,360.0,1,9.224243277145174,0.0,5.564520407322694,3.0,2.0,3.0,2.0,1.0,3.0,3.0
3887,2669.0,162.0,360.0,1,8.265650165580329,7.8898337513942955,5.093750200806762,3.0,2.0,4.0,2.0,2.0,3.0,3.0
4180,2306.0,182.0,360.0,1,8.338305731356565,7.7437032581737535,5.209486152841421,2.0,2.0,4.0,2.0,2.0,3.0,3.0
3675,242.0,108.0,360.0,1,8.209580483475577,5.493061443340548,4.6913478822291435,3.0,2.0,5.0,1.0,2.0,3.0,3.0
19484,0.0,600.0,360.0,1,9.87740021777281,0.0,6.398594934535208,2.0,2.0,2.0,2.0,1.0,3.0,3.0
5923,2054.0,211.0,360.0,1,8.68676717538769,7.628031126930335,5.356586274672012,3.0,2.0,4.0,2.0,2.0,3.0,1.0
5800,0.0,132.0,360.0,1,8.665785595466064,0.0,4.890349128221754,3.0,1.0,4.0,1.0,1.0,3.0,3.0
8799,0.0,258.0,360.0,0,9.082507000466299,0.0,5.556828061699537,3.0,2.0,5.0,2.0,2.0,1.0,2.0
4467,0.0,120.0,360.0,1,8.404696160189092,0.0,4.795790545596741,3.0,2.0,4.0,1.0,2.0,2.0,1.0
3333,0.0,70.0,360.0,1,8.111928063310739,0.0,4.2626798770413155,3.0,1.0,4.0,2.0,2.0,3.0,2.0
3400,2500.0,123.0,360.0,0,8.131824785007195,7.824445930877619,4.820281565605037,3.0,2.0,3.0,2.0,2.0,1.0,1.0
2378,0.0,9.0,360.0,0,7.774435510302958,0.0,2.302585092994046,2.0,1.0,4.0,2.0,2.0,3.0,2.0
3166,2064.0,104.0,360.0,0,8.06054004653864,7.632885505395133,4.653960350157523,3.0,2.0,4.0,2.0,2.0,1.0,2.0
3417,1750.0,186.0,360.0,1,8.136810863675537,7.467942332285852,5.231108616854587,3.0,2.0,2.0,2.0,2.0,3.0,2.0
5116,1451.0,165.0,360.0,0,8.540323608805092,7.280697195384741,5.111987788356544,3.0,2.0,1.0,2.0,2.0,1.0,2.0
16666,0.0,275.0,360.0,1,9.721185995542177,0.0,5.62040086571715,3.0,2.0,5.0,2.0,2.0,3.0,2.0
6125,1625.0,187.0,480.0,0,8.72029728739272,7.3938782901077555,5.236441962829949,3.0,2.0,5.0,1.0,2.0,3.0,3.0
6406,0.0,150.0,360.0,0,8.765146421639022,0.0,5.017279836814924,3.0,2.0,3.0,2.0,2.0,3.0,3.0
3159,461.0,108.0,84.0,1,8.058327306580958,6.135564891081739,4.6913478822291435,3.0,2.0,5.0,2.0,2.0,3.0,2.0
3087,2210.0,136.0,360.0,0,8.035278911144667,7.701200180857446,4.919980925828125,1.0,2.0,4.0,2.0,2.0,1.0,3.0
3229,2739.0,110.0,360.0,1,8.080237416216702,7.9157131993821155,4.709530201312334,3.0,1.0,4.0,2.0,2.0,3.0,2.0
1782,2232.0,107.0,360.0,1,7.48605261786314,7.711101251840158,4.68213122712422,3.0,2.0,2.0,2.0,2.0,3.0,1.0
3182,2917.0,161.0,360.0,1,8.065579427282092,7.978653729082731,5.087596335232384,3.0,1.0,4.0,2.0,3.0,3.0,2.0
6540,0.0,205.0,360.0,1,8.785845337961213,0.0,5.327876168789581,3.0,2.0,5.0,2.0,2.0,3.0,3.0
1836,33837.0,90.0,360.0,0,7.515889085215125,10.429339710318741,4.51085950651685,3.0,1.0,4.0,2.0,2.0,3.0,2.0
3166,0.0,36.0,360.0,1,8.06054004653864,0.0,3.6109179126442243,2.0,2.0,4.0,2.0,2.0,3.0,3.0
1880,0.0,61.0,360.0,0,7.53955882930103,0.0,4.127134385045092,3.0,2.0,2.0,2.0,2.0,2.0,1.0
2787,1917.0,146.0,360.0,0,7.933079771880415,7.559038255443384,4.990432586778736,3.0,2.0,2.0,2.0,2.0,1.0,1.0
4283,3000.0,172.0,84.0,0,8.36264243156764,8.006700845440367,5.153291594497779,3.0,2.0,2.0,2.0,2.0,3.0,1.0
2297,1522.0,104.0,360.0,1,7.739794458408701,7.328437352895162,4.653960350157523,3.0,2.0,4.0,2.0,2.0,3.0,2.0
2165,0.0,70.0,360.0,1,7.680637427560936,0.0,4.2626798770413155,2.0,1.0,4.0,1.0,2.0,3.0,3.0
4750,0.0,94.0,360.0,1,8.46611040118692,0.0,4.553876891600541,1.0,1.0,4.0,2.0,2.0,3.0,3.0
2726,0.0,106.0,360.0,0,7.910957382845589,0.0,4.672828834461906,3.0,2.0,5.0,2.0,1.0,1.0,3.0
3000,3416.0,56.0,180.0,1,8.006700845440367,8.136518252115291,4.04305126783455,3.0,2.0,4.0,2.0,2.0,3.0,3.0
6000,0.0,205.0,240.0,0,8.699681400989514,0.0,5.327876168789581,3.0,2.0,5.0,2.0,1.0,3.0,3.0
9357,0.0,292.0,360.0,1,9.143986871426161,0.0,5.680172609017068,1.0,1.0,3.0,2.0,1.0,3.0,3.0
3859,3300.0,142.0,180.0,1,8.258422462458876,8.101980731853192,4.962844630259907,3.0,2.0,4.0,2.0,2.0,3.0,1.0
16120,0.0,260.0,360.0,1,9.687878048875998,0.0,5.564520407322694,3.0,2.0,4.0,2.0,1.0,3.0,2.0
3833,0.0,110.0,360.0,1,8.251663923605589,0.0,4.709530201312334,3.0,1.0,4.0,1.0,2.0,3.0,1.0
6383,1000.0,187.0,360.0,0,8.761550139129644,6.90875477931522,5.236441962829949,3.0,2.0,5.0,1.0,1.0,3.0,1.0
2987,0.0,88.0,360.0,0,8.002359546252707,0.0,4.48863636973214,3.0,1.0,1.0,2.0,2.0,1.0,3.0
9963,0.0,180.0,360.0,1,9.20673387638207,0.0,5.198497031265826,3.0,2.0,4.0,2.0,1.0,3.0,1.0
5780,0.0,192.0,360.0,1,8.662331957082475,0.0,5.262690188904886,3.0,2.0,5.0,2.0,2.0,3.0,2.0
416,41667.0,350.0,180.0,0,6.0330862217988015,10.637488727104339,5.860786223465865,2.0,1.0,3.0,2.0,3.0,2.0,2.0
2894,2792.0,155.0,360.0,1,7.970740390007095,7.934871565945177,5.049856007249537,3.0,2.0,4.0,1.0,3.0,3.0,1.0
5703,0.0,128.0,360.0,1,8.648922962094131,0.0,4.859812404361672,3.0,2.0,3.0,2.0,2.0,3.0,2.0
3676,4301.0,172.0,360.0,1,8.209852481301272,8.366835309827675,5.153291594497779,3.0,1.0,4.0,2.0,2.0,3.0,1.0
12000,0.0,496.0,360.0,1,9.392745258631441,0.0,6.208590026096629,2.0,2.0,2.0,2.0,2.0,3.0,3.0
2400,3800.0,128.0,180.0,0,7.783640596221253,8.24301946898925,4.859812404361672,3.0,2.0,4.0,1.0,2.0,3.0,2.0
3400,2500.0,173.0,360.0,1,8.131824785007195,7.824445930877619,5.159055299214529,3.0,2.0,2.0,2.0,2.0,3.0,3.0
3987,1411.0,157.0,360.0,1,8.291045131081729,7.252762418053187,5.062595033026967,3.0,2.0,5.0,1.0,2.0,3.0,1.0
3232,1950.0,108.0,360.0,1,8.081165777725433,7.576097340623111,4.6913478822291435,3.0,2.0,4.0,2.0,2.0,3.0,1.0
2900,0.0,71.0,360.0,1,7.972810784121404,0.0,4.276666119016055,2.0,1.0,4.0,2.0,2.0,3.0,1.0
4106,0.0,40.0,180.0,1,8.320448113956559,0.0,3.713572066704308,3.0,2.0,3.0,2.0,2.0,3.0,1.0
8072,240.0,253.0,360.0,1,8.996280439395015,5.484796933490655,5.537334267018537,3.0,2.0,2.0,2.0,2.0,3.0,2.0
7583,0.0,187.0,360.0,1,8.933796043934858,0.0,5.236441962829949,3.0,2.0,5.0,2.0,2.0,3.0,2.0
4583,0.0,133.0,360.0,0,8.430327258394575,0.0,4.897839799950911,2.0,1.0,4.0,2.0,1.0,1.0,3.0
