Loan_Status,LogApplicantIncome,LogCoApplicantIncome,LogMonthlyIncome,LogLoanAmount,LogMonthlyInstallment,Gender_E,Married_E,Dependents_E,Education_E,Self_Employed_E,Credit_History_E,Property_Area_E,ApplicantIncomeBracket_E,CoapplicantIncomeBracket_E,TotalIncomeBracket_E,LoanAmountBracket_E,Affordability_E
1,8.674196940225903,0.0,6.191168866688429,11.759793355371237,5.8764900637736375,2.0,1.0,3.0,2.0,2.0,2.0,2.0,1.0,1.0,4.0,3.0,2.0
0,8.430327258394575,7.319202458767849,6.231629082756495,11.759793355371237,5.8764900637736375,2.0,2.0,1.0,2.0,2.0,2.0,1.0,3.0,3.0,4.0,3.0,2.0
1,8.006700845440367,0.0,5.5254529391317835,11.097425172408931,5.216745712854225,2.0,2.0,3.0,2.0,1.0,2.0,2.0,4.0,1.0,2.0,2.0,2.0
1,7.857093864902493,7.765993079407675,6.022842082800238,11.695255355062795,5.812138499293826,2.0,2.0,3.0,1.0,2.0,2.0,2.0,2.0,2.0,3.0,3.0,2.0
1,8.699681400989514,0.0,6.2166061010848646,11.856522261533737,5.972961075543423,2.0,1.0,3.0,2.0,2.0,2.0,2.0,1.0,1.0,4.0,4.0,2.0
1,8.59748202264504,8.34212526333359,6.687212509367985,12.495007682693725,6.610247312379065,2.0,2.0,4.0,2.0,1.0,2.0,2.0,3.0,2.0,1.0,1.0,2.0
1,7.755338812846501,7.324489979348532,5.773774846476236,11.461642696843066,5.579310450849021,2.0,2.0,3.0,1.0,2.0,2.0,2.0,2.0,3.0,2.0,2.0,2.0
0,8.01862546504575,7.826044013518965,6.13700685239864,11.970356641102999,6.0865221697699115,2.0,2.0,2.0,2.0,2.0,1.0,3.0,4.0,2.0,4.0,4.0,2.0
1,8.295798110636145,7.3310603052186325,6.135564891081739,12.031725210748633,6.147755791434351,2.0,2.0,4.0,2.0,2.0,2.0,2.0,3.0,3.0,4.0,4.0,1.0
0,9.460476328353995,9.302828391411333,7.593416173768219,12.762830066509972,6.877754156709287,2.0,2.0,1.0,2.0,2.0,2.0,3.0,1.0,2.0,1.0,1.0,2.0
1,8.071218539969863,6.55250788703459,5.786897381366708,11.156264806643742,5.275276167401339,2.0,2.0,4.0,2.0,2.0,2.0,2.0,4.0,4.0,2.0,2.0,2.0
1,7.824445930877619,7.518064181233078,5.8934841387477785,11.599112335481124,5.7162964399476754,2.0,2.0,4.0,2.0,2.0,2.0,2.0,2.0,3.0,3.0,3.0,2.0
1,8.03073492409854,9.000483164987708,6.837958513030027,12.206077645517674,6.321766996021397,2.0,2.0,4.0,2.0,2.0,2.0,2.0,4.0,2.0,1.0,1.0,2.0
0,7.5251007461258,7.951911381854188,5.97147440223148,11.643962499267984,5.761002614986093,2.0,1.0,3.0,2.0,2.0,2.0,1.0,2.0,2.0,3.0,3.0,2.0
1,7.170119543449628,6.99117688712121,5.297066584646384,9.741027444837728,4.9605109069136875,2.0,2.0,4.0,2.0,2.0,2.0,2.0,2.0,4.0,2.0,2.0,2.0
1,8.507344855361422,0.0,6.024657514463746,11.736077016252437,5.852840845579747,2.0,1.0,3.0,2.0,2.0,2.0,2.0,3.0,1.0,3.0,3.0,2.0
1,8.187855443695623,0.0,5.706002231394514,11.51293546492023,6.034683666227958,2.0,1.0,1.0,1.0,2.0,2.0,2.0,4.0,1.0,2.0,3.0,1.0
0,8.163656176168432,0.0,5.681877639268151,11.23850177707664,5.357110246389528,1.0,1.0,3.0,2.0,2.0,1.0,2.0,4.0,1.0,2.0,2.0,2.0
0,8.494538500851432,0.0,6.011879731850574,11.798111925972618,5.91470348597452,2.0,2.0,3.0,1.0,2.0,2.0,1.0,3.0,1.0,3.0,4.0,2.0
1,7.8636512654486515,8.160803920954665,6.233102681058356,11.652696102959753,5.76970892106862,2.0,2.0,3.0,2.0,2.0,2.0,2.0,2.0,2.0,4.0,3.0,2.0
0,8.94389780251682,0.0,6.460425966775274,11.552155793461898,5.6694977078005095,2.0,2.0,3.0,1.0,2.0,1.0,2.0,1.0,1.0,1.0,3.0,2.0
1,8.6921543938039,8.635153989049803,6.873163834212518,12.660331092405906,6.775366090936392,2.0,2.0,1.0,2.0,2.0,2.0,2.0,1.0,2.0,1.0,1.0,2.0
0,7.8636512654486515,7.555905093611346,5.932024119689843,11.661354090741,5.778340081158983,2.0,2.0,3.0,1.0,2.0,1.0,3.0,2.0,3.0,3.0,3.0,2.0
0,8.121480374750751,7.559038255443384,6.089422732999046,11.626263078808801,5.743359249768024,2.0,2.0,4.0,1.0,2.0,1.0,1.0,4.0,3.0,3.0,3.0,2.0
0,8.220941168281389,7.98139158158007,6.318066806790422,11.92504173829169,6.04131235283555,2.0,2.0,1.0,2.0,2.0,2.0,3.0,4.0,2.0,4.0,4.0,2.0
1,9.165447603085447,0.0,6.681690799240264,12.160033942617156,6.275807718294248,2.0,2.0,3.0,2.0,1.0,2.0,3.0,1.0,1.0,1.0,1.0,2.0
1,7.937374696163295,7.720461694599722,6.045005314036012,11.711784520403112,5.828618766814684,2.0,2.0,3.0,2.0,2.0,2.0,3.0,2.0,2.0,3.0,3.0,2.0
1,8.34924780056679,6.947937068614969,6.086395867275269,11.608244735642321,5.725398996881067,2.0,2.0,4.0,1.0,2.0,2.0,2.0,3.0,4.0,3.0,3.0,2.0
0,7.274479558773871,0.0,4.797167008305465,10.463131911491967,4.587232485301424,2.0,1.0,3.0,1.0,2.0,2.0,2.0,2.0,1.0,2.0,2.0,2.0
1,8.229777750081887,7.642044402873258,6.188435224118169,11.695255355062795,5.812138499293826,1.0,1.0,4.0,2.0,2.0,2.0,3.0,4.0,3.0,4.0,3.0,2.0
0,8.334951631422454,8.122668023346407,6.443998762496868,12.211065162153215,6.326745598359042,2.0,2.0,1.0,2.0,2.0,2.0,2.0,3.0,2.0,1.0,1.0,2.0
0,8.060855752934316,0.0,5.579415311122802,11.211833885608513,5.330569410385224,2.0,1.0,3.0,2.0,2.0,2.0,2.0,4.0,1.0,2.0,2.0,2.0
0,8.453827315794417,0.0,5.971261839790462,11.571203807011969,5.688480813906801,2.0,1.0,1.0,2.0,1.0,2.0,1.0,3.0,1.0,3.0,3.0,2.0
1,8.160803920954665,7.419380582918692,6.067460616635891,11.643962499267984,5.761002614986093,2.0,2.0,3.0,2.0,2.0,2.0,3.0,4.0,3.0,3.0,3.0,2.0
0,9.433563920090563,8.006700845440367,7.164462547134487,12.676079399771027,6.791096610987463,2.0,1.0,2.0,2.0,2.0,2.0,1.0,1.0,2.0,1.0,1.0,2.0
1,7.730174795246222,7.63433723562832,5.893943592006492,11.759793355371237,5.8764900637736375,2.0,2.0,3.0,2.0,2.0,2.0,2.0,2.0,3.0,3.0,3.0,2.0
0,7.511524648390866,7.193685818395112,5.576580217083326,11.51293546492023,5.630414969030203,2.0,2.0,3.0,2.0,2.0,1.0,2.0,2.0,3.0,2.0,3.0,1.0
1,8.207401833376355,7.286191714702382,6.059512527881829,11.87757552297847,5.993961427306569,1.0,2.0,3.0,2.0,2.0,2.0,3.0,4.0,3.0,3.0,4.0,2.0
1,8.334951631422454,8.88336291691676,6.855408798609928,12.122696471358964,6.238541615384289,2.0,1.0,3.0,2.0,2.0,2.0,2.0,3.0,2.0,1.0,1.0,2.0
1,8.229244416735913,7.419979923661835,6.114419371166759,11.608244735642321,5.725398996881067,2.0,1.0,3.0,1.0,2.0,2.0,3.0,4.0,3.0,3.0,3.0,2.0
0,8.188966863648876,0.0,5.707110264748875,11.289794413577894,5.408167787478715,2.0,1.0,3.0,2.0,2.0,2.0,2.0,4.0,1.0,2.0,2.0,2.0
1,7.496097345175956,7.101675971619444,5.5297597206769415,10.757924157061597,4.879429238107732,2.0,1.0,3.0,2.0,2.0,2.0,2.0,2.0,3.0,2.0,2.0,2.0
1,7.783640596221253,0.0,5.303304908059076,11.225256725762893,5.343927877800089,2.0,2.0,3.0,2.0,2.0,2.0,2.0,2.0,1.0,2.0,2.0,1.0
1,8.279443487712665,7.756623334538858,6.261650704755503,11.80560254159177,5.9221740122760735,2.0,2.0,3.0,2.0,2.0,2.0,3.0,3.0,2.0,4.0,4.0,2.0
1,8.454466361507933,0.0,5.9718993916131415,11.472113887062386,5.589742425278652,2.0,2.0,3.0,1.0,1.0,2.0,2.0,3.0,1.0,3.0,2.0,2.0
1,8.134760782418645,0.0,5.653073804664139,11.385103457032141,5.503070626083898,1.0,1.0,3.0,2.0,2.0,2.0,2.0,4.0,1.0,2.0,2.0,2.0
1,8.639410824140487,0.0,6.156449184248659,10.691967639914864,4.813989410014147,2.0,2.0,1.0,2.0,2.0,2.0,2.0,3.0,1.0,4.0,2.0,2.0
1,8.669399124305569,0.0,6.186380076965637,11.87757552297847,5.993961427306569,2.0,2.0,3.0,2.0,2.0,2.0,2.0,1.0,1.0,4.0,4.0,2.0
0,7.880804344674901,8.14351740579748,6.230645476119816,11.695255355062795,5.812138499293826,1.0,2.0,3.0,2.0,2.0,1.0,2.0,2.0,2.0,4.0,3.0,2.0
1,8.294299608857235,7.730174795246222,6.261332638595061,11.87757552297847,5.993961427306569,1.0,1.0,3.0,2.0,2.0,2.0,3.0,3.0,2.0,4.0,4.0,2.0
1,7.564757012905729,7.405495663199472,5.699328124306821,11.51293546492023,5.630414969030203,1.0,2.0,3.0,1.0,2.0,2.0,3.0,2.0,3.0,2.0,3.0,2.0
1,8.034955024502159,0.0,5.553605371188814,11.695255355062795,5.812138499293826,1.0,1.0,3.0,2.0,2.0,2.0,3.0,4.0,1.0,2.0,3.0,1.0
0,8.350193650720067,0.0,5.867883485336628,11.626263078808801,5.743359249768024,1.0,1.0,3.0,2.0,2.0,2.0,3.0,3.0,1.0,3.0,3.0,2.0
0,8.43750042250699,0.0,5.954973438525567,11.80560254159177,5.9221740122760735,2.0,2.0,4.0,2.0,2.0,2.0,2.0,3.0,1.0,3.0,4.0,2.0
0,9.350189267092581,0.0,6.866238598779203,12.563750586299374,6.678901008059966,1.0,2.0,1.0,2.0,1.0,1.0,2.0,1.0,1.0,1.0,1.0,2.0
1,7.904334842085095,7.0630481633881725,5.780486281064223,11.48247656671073,5.600066696211253,2.0,2.0,4.0,2.0,2.0,2.0,3.0,2.0,3.0,2.0,2.0,2.0
1,7.665284718471351,7.3727463664043285,5.740596447778917,11.472113887062386,5.589742425278652,2.0,2.0,3.0,2.0,2.0,2.0,3.0,2.0,3.0,2.0,2.0,2.0
0,8.121777419161074,7.696667081526462,6.141678918399434,11.813037464800539,5.929589143389895,2.0,2.0,3.0,2.0,2.0,2.0,1.0,4.0,2.0,4.0,4.0,2.0
1,8.997270906233448,7.719129840906732,6.759061903168167,12.100717685412471,6.2166061010848646,2.0,2.0,1.0,2.0,2.0,2.0,2.0,1.0,2.0,1.0,1.0,2.0
1,8.119100837637486,7.958576903813898,6.251903883165888,11.87757552297847,5.993961427306569,2.0,2.0,4.0,1.0,2.0,2.0,2.0,4.0,2.0,4.0,4.0,2.0
1,7.824445930877619,8.241966560231802,6.2646672982949285,11.695255355062795,5.812138499293826,2.0,2.0,3.0,2.0,2.0,2.0,2.0,2.0,2.0,4.0,3.0,2.0
1,8.016317898503415,0.0,5.535035037889364,11.502885230075814,5.62040086571715,2.0,2.0,2.0,2.0,2.0,2.0,2.0,4.0,1.0,2.0,2.0,1.0
0,7.867105500316739,8.146129510025405,6.2262072342655435,12.013706813470414,6.821834216474498,2.0,2.0,3.0,1.0,1.0,1.0,1.0,2.0,2.0,4.0,4.0,1.0
0,8.506334448081361,0.0,6.023649348232573,11.759793355371237,5.8764900637736375,2.0,2.0,1.0,2.0,2.0,1.0,1.0,3.0,1.0,3.0,3.0,2.0
0,8.334951631422454,0.0,5.852681292328511,11.661354090741,5.778340081158983,1.0,1.0,3.0,2.0,2.0,1.0,3.0,3.0,1.0,3.0,3.0,2.0
0,8.652947112393857,8.432941638968646,6.758191286426355,12.460718739865236,6.5760052086962535,2.0,2.0,3.0,2.0,2.0,2.0,3.0,3.0,2.0,1.0,1.0,2.0
0,8.071218539969863,7.720905251936779,6.121395716700013,11.744045122410057,6.55250788703459,2.0,1.0,3.0,1.0,2.0,1.0,2.0,4.0,2.0,3.0,3.0,1.0
1,9.282754052485227,0.0,6.798870040261365,12.650761671914688,6.765807616326455,2.0,2.0,1.0,2.0,2.0,2.0,2.0,1.0,1.0,1.0,1.0,2.0
1,8.867990898182093,0.0,6.38463212740574,11.736077016252437,7.642204338899188,2.0,2.0,2.0,1.0,1.0,2.0,2.0,1.0,1.0,4.0,3.0,1.0
0,8.366602832783736,0.0,5.884250462800833,11.820417517632333,5.936949694801684,1.0,1.0,3.0,2.0,2.0,1.0,3.0,3.0,1.0,3.0,4.0,1.0
1,8.073714641109857,8.028455164114252,6.261173567569513,12.055255569732177,6.171236560279619,2.0,2.0,3.0,2.0,2.0,2.0,2.0,4.0,2.0,4.0,1.0,2.0
1,7.53689712956617,7.53689712956617,5.7477993600729755,11.48247656671073,5.600066696211253,2.0,2.0,4.0,1.0,1.0,2.0,3.0,2.0,3.0,2.0,2.0,2.0
1,8.160803920954665,0.0,5.679034304967007,11.302216779257382,5.602118820879701,2.0,1.0,3.0,2.0,2.0,2.0,3.0,4.0,1.0,2.0,2.0,2.0
0,8.467162257810672,0.0,5.984565805416826,11.461642696843066,5.579310450849021,2.0,2.0,2.0,1.0,2.0,1.0,3.0,3.0,1.0,3.0,2.0,2.0
1,8.569216219483389,7.4815557019095165,6.376159893729761,12.138869243416009,6.254683147381389,2.0,2.0,2.0,2.0,1.0,2.0,3.0,3.0,3.0,4.0,1.0,2.0
0,8.229777750081887,0.0,5.7477993600729755,11.635151947212842,5.465595785020851,2.0,1.0,3.0,2.0,2.0,2.0,2.0,4.0,1.0,2.0,3.0,2.0
0,8.229777750081887,8.46611040118692,6.564325561793425,12.07824495582233,6.194178608021718,2.0,1.0,3.0,2.0,2.0,2.0,2.0,4.0,2.0,1.0,1.0,2.0
0,6.90875477931522,8.014004994779459,5.817607068726157,11.608244735642321,5.725398996881067,2.0,2.0,1.0,2.0,1.0,2.0,2.0,2.0,2.0,3.0,3.0,2.0
0,8.060855752934316,8.294299608857235,6.394008726788483,12.100717685412471,6.398594934535208,2.0,2.0,2.0,2.0,2.0,1.0,3.0,4.0,2.0,4.0,1.0,1.0
1,8.111928063310739,7.681099001536359,6.129594724095235,11.775297421715827,5.891951101501342,2.0,2.0,2.0,1.0,1.0,2.0,3.0,4.0,3.0,3.0,4.0,2.0
1,8.255048902752295,0.0,5.772997543677674,11.6172944892629,5.734419444118091,1.0,1.0,3.0,2.0,2.0,2.0,3.0,3.0,1.0,2.0,3.0,2.0
1,7.78155595923534,0.0,5.301229787995072,11.759793355371237,5.8764900637736375,2.0,2.0,1.0,2.0,1.0,2.0,3.0,2.0,1.0,2.0,3.0,1.0
0,7.229113877793302,7.540090320145325,5.607944377750384,12.025755079404917,6.141798428408539,1.0,2.0,4.0,2.0,2.0,2.0,2.0,2.0,3.0,2.0,4.0,1.0
0,8.699681400989514,7.719129840906732,6.53451531816871,12.487488878546145,6.602738642170778,2.0,2.0,3.0,2.0,2.0,2.0,3.0,1.0,2.0,1.0,1.0,1.0
1,8.291295851905407,0.0,5.809142990314028,10.819798284210286,5.343927877800089,2.0,2.0,1.0,2.0,2.0,2.0,2.0,3.0,1.0,2.0,2.0,2.0
1,7.769378609513984,7.836764783264067,6.013918884270052,11.820417517632333,5.936949694801684,2.0,1.0,3.0,2.0,2.0,2.0,3.0,2.0,2.0,3.0,4.0,2.0
1,8.111928063310739,7.601402334583733,6.099010173671146,11.502885230075814,5.62040086571715,2.0,2.0,4.0,1.0,2.0,2.0,3.0,4.0,3.0,3.0,2.0,2.0
1,7.824445930877619,7.6586995582682995,5.955405497292279,11.552155793461898,5.6694977078005095,2.0,2.0,3.0,2.0,2.0,2.0,3.0,2.0,3.0,3.0,3.0,2.0
1,9.055672891964043,0.0,6.572049415288825,12.25486757159303,6.370471596253125,2.0,1.0,3.0,2.0,2.0,2.0,2.0,1.0,1.0,1.0,1.0,2.0
1,8.647519453091812,8.335191583433202,6.712753669030808,12.07254696717504,6.188492251291632,2.0,2.0,3.0,2.0,2.0,2.0,3.0,3.0,2.0,1.0,1.0,2.0
1,7.99260665240021,7.972810784121404,6.192703263034142,11.782960235741939,5.8995928932360995,2.0,2.0,3.0,2.0,2.0,2.0,3.0,4.0,2.0,4.0,4.0,2.0
1,8.740496729931813,8.640295388550221,6.900730664045173,12.144202560946876,6.9521973796705465,2.0,2.0,4.0,2.0,2.0,2.0,3.0,1.0,2.0,1.0,1.0,1.0
1,8.09376775793108,7.507141079727608,6.053069080810766,11.302216779257382,5.420534999272286,2.0,2.0,4.0,1.0,2.0,2.0,2.0,4.0,3.0,3.0,2.0,2.0
1,8.327000740241713,0.0,5.844751417781395,11.711784520403112,5.828618766814684,2.0,1.0,3.0,2.0,2.0,2.0,3.0,3.0,1.0,3.0,3.0,2.0
1,8.19450550976564,0.0,5.712632089933184,10.12667110305036,5.343927877800089,2.0,1.0,3.0,1.0,2.0,2.0,3.0,4.0,1.0,2.0,2.0,2.0
0,8.82217476094608,0.0,6.338888498932529,11.759793355371237,5.8764900637736375,2.0,1.0,3.0,2.0,2.0,2.0,2.0,1.0,1.0,4.0,3.0,2.0
1,7.818027938530729,7.741967899820685,5.9910477936116395,11.827743504053695,5.944256464121201,1.0,2.0,3.0,2.0,2.0,2.0,3.0,2.0,2.0,3.0,4.0,2.0
1,7.589841512182657,6.905753276311464,5.516783328311136,10.819798284210286,4.940848456708128,2.0,2.0,3.0,2.0,2.0,2.0,3.0,2.0,4.0,2.0,2.0,2.0
1,8.340217320947035,0.0,5.857933154483459,11.652696102959753,6.461294550170453,2.0,2.0,3.0,1.0,2.0,2.0,3.0,3.0,1.0,3.0,3.0,1.0
1,7.473069088032197,8.17244681834278,6.09281704136827,11.782960235741939,5.8995928932360995,2.0,2.0,3.0,2.0,2.0,2.0,3.0,2.0,2.0,3.0,4.0,2.0
1,8.36380888451688,8.090708716083997,6.446116566068029,11.798111925972618,6.6065000247744035,2.0,2.0,4.0,1.0,2.0,2.0,2.0,3.0,2.0,1.0,4.0,1.0
1,8.485496104672983,8.244596756382498,6.581678818543044,11.92504173829169,6.04131235283555,2.0,1.0,3.0,2.0,2.0,2.0,3.0,3.0,2.0,1.0,4.0,2.0
1,9.521568058002977,0.0,7.037466885503794,11.759793355371237,5.8764900637736375,2.0,2.0,3.0,2.0,2.0,2.0,2.0,1.0,1.0,1.0,3.0,2.0
1,8.445267451844648,8.18423477409482,6.5326981270453555,11.759793355371237,5.8764900637736375,2.0,2.0,3.0,2.0,2.0,2.0,3.0,3.0,2.0,1.0,3.0,2.0
1,8.247220052745229,6.626717749249025,5.944984213225441,11.982935344196433,6.099072535306288,2.0,2.0,3.0,2.0,2.0,2.0,2.0,3.0,4.0,3.0,4.0,1.0
1,8.023879992734878,6.93828448401696,5.832371116433235,11.51293546492023,5.630414969030203,2.0,2.0,1.0,2.0,2.0,2.0,2.0,4.0,4.0,3.0,3.0,2.0
1,9.342946336524205,7.027314514039777,6.952967621803685,12.323860125621126,6.439350371100098,2.0,2.0,4.0,2.0,2.0,2.0,2.0,1.0,3.0,1.0,1.0,2.0
0,8.900276348631271,0.0,6.416868438819978,11.695255355062795,5.812138499293826,2.0,1.0,3.0,1.0,2.0,2.0,1.0,1.0,1.0,4.0,3.0,2.0
0,8.24301946898925,8.188966863648876,6.42594893761725,12.283038316285214,6.398594934535208,2.0,2.0,4.0,2.0,2.0,1.0,2.0,3.0,2.0,4.0,1.0,2.0
1,7.6362696033793735,6.626717749249025,5.465595785020851,11.451060699493427,5.282357346969308,2.0,2.0,2.0,1.0,2.0,2.0,3.0,2.0,4.0,2.0,2.0,2.0
1,8.57866451350434,0.0,6.095824562432225,11.820417517632333,5.936949694801684,2.0,1.0,3.0,2.0,2.0,2.0,2.0,3.0,1.0,3.0,4.0,2.0
1,7.982757702011113,7.755338812846501,6.085637717125231,11.842236406331555,5.958711760636174,1.0,2.0,3.0,2.0,2.0,2.0,3.0,4.0,2.0,3.0,4.0,2.0
0,8.181160858023409,8.32239411311117,6.463809184055691,11.931642378754141,6.047897389142385,2.0,2.0,3.0,1.0,2.0,1.0,1.0,4.0,2.0,1.0,4.0,2.0
1,8.916237731721479,0.0,6.432806107343387,11.759793355371237,5.8764900637736375,1.0,1.0,1.0,2.0,1.0,2.0,3.0,1.0,1.0,4.0,3.0,2.0
1,8.527341522468053,0.0,6.044610291317069,11.678448377988165,5.795382075063991,2.0,1.0,3.0,2.0,2.0,2.0,3.0,3.0,1.0,3.0,3.0,2.0
1,9.5876803163585,0.0,7.103527633500215,12.128116509451258,6.936126753111828,2.0,2.0,1.0,2.0,2.0,2.0,1.0,1.0,1.0,1.0,1.0,2.0
1,8.060855752934316,7.7336835707759,6.12066365224565,11.944714374881176,6.060938784201399,1.0,2.0,3.0,2.0,2.0,2.0,3.0,4.0,2.0,3.0,4.0,2.0
1,7.703007682479236,7.243512974665482,5.71042701737487,11.350418300109132,5.468528854525479,2.0,2.0,1.0,2.0,2.0,2.0,2.0,2.0,3.0,2.0,2.0,2.0
0,8.624970783589669,7.669961995473577,6.466922027036182,12.07254696717504,6.188492251291632,2.0,2.0,3.0,2.0,2.0,2.0,1.0,3.0,3.0,1.0,1.0,2.0
1,9.250426095515468,0.0,6.766575665519357,12.464587201678082,6.579868305519347,1.0,1.0,3.0,2.0,2.0,2.0,2.0,1.0,1.0,1.0,1.0,2.0
1,8.64259160081057,7.889084407035514,6.544631011363498,12.100717685412471,6.2166061010848646,2.0,2.0,3.0,2.0,2.0,2.0,1.0,3.0,2.0,1.0,1.0,2.0
1,8.334951631422454,0.0,5.852681292328511,10.691967639914864,4.813989410014147,1.0,1.0,3.0,2.0,2.0,2.0,3.0,3.0,1.0,3.0,2.0,2.0
1,7.6676260915849905,9.10286651367095,6.832402943185425,11.827743504053695,5.944256464121201,1.0,1.0,3.0,2.0,2.0,1.0,3.0,2.0,2.0,1.0,4.0,2.0
1,7.992268643270745,0.0,5.511073824975759,11.302216779257382,5.420534999272286,2.0,2.0,4.0,2.0,2.0,2.0,3.0,4.0,1.0,2.0,2.0,2.0
1,8.366602832783736,7.608374474380783,6.267516754077594,12.175618592671356,6.291363357069684,2.0,2.0,3.0,1.0,2.0,2.0,1.0,3.0,3.0,4.0,1.0,1.0
1,8.214194414852564,0.0,5.7322619459780695,11.440365524765756,5.558114235510282,1.0,1.0,3.0,2.0,2.0,2.0,1.0,4.0,1.0,2.0,2.0,2.0
1,10.077608912764743,0.0,7.59316426344696,12.821260987319457,6.936126753111828,2.0,2.0,2.0,2.0,2.0,2.0,1.0,1.0,1.0,1.0,1.0,2.0
1,8.259975659768276,7.403061091090091,6.130682863484431,11.759793355371237,5.8764900637736375,2.0,1.0,3.0,2.0,2.0,2.0,1.0,3.0,3.0,4.0,3.0,2.0
0,9.260462981379394,8.25608813381491,7.088339215877551,11.982935344196433,6.791096610987463,2.0,2.0,1.0,2.0,1.0,1.0,2.0,1.0,2.0,1.0,4.0,2.0
0,8.71292443512011,7.851661177889265,6.581678818543044,12.111767460549332,6.227634002877222,2.0,2.0,3.0,2.0,2.0,2.0,1.0,1.0,2.0,1.0,1.0,2.0
1,9.911802884139842,0.0,7.427441531180325,13.384729180332174,7.211679726979782,2.0,1.0,3.0,2.0,1.0,2.0,2.0,1.0,1.0,1.0,1.0,2.0
1,7.608374474380783,7.5652752818989315,5.797829230413754,11.211833885608513,5.330569410385224,2.0,1.0,3.0,2.0,2.0,2.0,2.0,2.0,3.0,2.0,2.0,2.0
1,7.908019444632471,0.0,5.427150238391005,11.156264806643742,5.275276167401339,2.0,1.0,3.0,2.0,2.0,2.0,3.0,2.0,1.0,2.0,2.0,2.0
1,8.14902386805177,0.0,5.667291366073786,10.12667110305036,5.343927877800089,2.0,2.0,3.0,2.0,1.0,2.0,3.0,4.0,1.0,2.0,2.0,2.0
1,8.496173824192162,0.0,6.013511386301903,11.532737896139919,5.650147258823569,2.0,1.0,3.0,2.0,2.0,2.0,3.0,3.0,1.0,3.0,3.0,2.0
0,8.294299608857235,8.955577146281511,6.887722625231901,12.577639650232573,6.692772779948621,2.0,2.0,2.0,2.0,2.0,2.0,3.0,3.0,2.0,1.0,1.0,2.0
0,8.430327258394575,0.0,5.9478173850017875,11.338583982516495,5.456744603142555,1.0,2.0,3.0,2.0,2.0,2.0,1.0,3.0,1.0,3.0,2.0,2.0
1,8.106816038947052,8.160803920954665,6.343880434126331,11.385103457032141,5.503070626083898,2.0,2.0,4.0,2.0,1.0,2.0,2.0,4.0,2.0,4.0,2.0,2.0
0,9.615805480084347,0.0,7.131631894872176,12.396697137361691,6.512075471608769,2.0,1.0,3.0,2.0,2.0,1.0,3.0,1.0,1.0,1.0,1.0,2.0
0,8.343077871169383,7.266128779556451,6.1530872417739415,11.767575435251748,5.884250462800833,2.0,2.0,4.0,1.0,2.0,2.0,1.0,3.0,3.0,4.0,3.0,2.0
0,8.525756422076725,7.642044402873258,6.388141149183067,12.128116509451258,6.243951127656103,2.0,2.0,4.0,2.0,2.0,2.0,1.0,3.0,3.0,4.0,1.0,2.0
1,8.59748202264504,0.0,6.114603584117451,12.031725210748633,6.147755791434351,2.0,1.0,3.0,2.0,2.0,2.0,2.0,3.0,1.0,3.0,4.0,1.0
1,8.846640813100485,0.0,6.363315418583384,12.07254696717504,6.88061244482687,2.0,1.0,3.0,2.0,1.0,2.0,3.0,1.0,1.0,4.0,1.0,1.0
1,7.900636613018005,7.618251097876695,5.979729290889561,11.711784520403112,5.828618766814684,2.0,2.0,3.0,2.0,2.0,2.0,3.0,2.0,3.0,3.0,3.0,2.0
1,9.3722891389622,0.0,6.888317585089662,12.138869243416009,6.946869148821037,2.0,2.0,4.0,2.0,2.0,2.0,2.0,1.0,1.0,1.0,1.0,1.0
1,7.754052639035757,8.408939605975984,6.343880434126331,11.51293546492023,5.630414969030203,1.0,2.0,3.0,2.0,2.0,2.0,3.0,2.0,2.0,4.0,3.0,2.0
1,9.60689927061335,0.0,7.122732240963287,11.156264806643742,5.275276167401339,1.0,2.0,4.0,2.0,2.0,2.0,2.0,1.0,1.0,1.0,2.0,2.0
1,7.338888133838879,7.262628600974241,5.51309266819173,10.308985993422082,4.43477720005941,2.0,2.0,1.0,2.0,2.0,2.0,2.0,2.0,3.0,2.0,2.0,2.0
0,9.210440366976517,7.418780882750794,6.880555359055482,12.323860125621126,6.439350371100098,1.0,1.0,3.0,2.0,2.0,2.0,1.0,1.0,3.0,1.0,1.0,2.0
1,8.488999457045455,6.7226297948554485,6.163665619684617,11.736077016252437,5.852840845579747,2.0,2.0,3.0,2.0,2.0,2.0,3.0,3.0,4.0,4.0,3.0,2.0
0,8.744806737401898,0.0,6.261650704755503,11.678448377988165,5.795382075063991,2.0,1.0,3.0,2.0,2.0,1.0,1.0,1.0,1.0,4.0,3.0,2.0
1,7.8547691834991324,8.229777750081887,6.2695696564961665,11.931642378754141,6.047897389142385,2.0,2.0,3.0,2.0,1.0,2.0,1.0,2.0,2.0,4.0,4.0,2.0
0,9.123365357961776,0.0,6.639657945166778,12.404927602627597,6.520293795313548,2.0,1.0,3.0,2.0,2.0,2.0,2.0,1.0,1.0,1.0,1.0,2.0
0,7.732807530422021,0.0,5.252709633069904,11.635151947212842,5.752219842914406,2.0,2.0,4.0,1.0,2.0,2.0,1.0,2.0,1.0,2.0,3.0,1.0
1,8.08794755464267,0.0,5.606414623742411,10.819798284210286,4.940848456708128,2.0,1.0,3.0,2.0,2.0,2.0,2.0,4.0,1.0,2.0,2.0,2.0
1,10.596634733096073,0.0,8.112003045502505,13.304686600863562,8.11202803831707,2.0,2.0,2.0,2.0,2.0,1.0,3.0,1.0,1.0,1.0,1.0,1.0
1,8.699681400989514,0.0,6.2166061010848646,11.982935344196433,6.099072535306288,2.0,2.0,1.0,2.0,2.0,2.0,1.0,1.0,1.0,4.0,4.0,2.0
1,9.163143937145207,0.0,6.6793897836867755,12.138869243416009,6.254683147381389,2.0,2.0,1.0,2.0,2.0,2.0,2.0,1.0,1.0,1.0,1.0,2.0
1,8.000014093678072,7.642044402873258,6.047175154121988,11.695255355062795,5.812138499293826,2.0,1.0,3.0,2.0,2.0,2.0,1.0,4.0,3.0,3.0,3.0,2.0
1,8.430327258394575,8.635153989049803,6.747195213969695,12.449022745701502,6.564325561793425,2.0,2.0,3.0,2.0,2.0,2.0,3.0,3.0,2.0,1.0,1.0,2.0
1,7.530479995245536,6.948897222313312,5.493061443340548,11.49273296168228,5.610285464879973,2.0,2.0,3.0,1.0,2.0,2.0,3.0,2.0,4.0,2.0,2.0,1.0
0,8.978912601074276,0.0,6.495391429182816,12.524530013005734,6.639730579995211,2.0,2.0,3.0,2.0,2.0,2.0,2.0,1.0,1.0,1.0,1.0,1.0
0,8.035926369891792,7.155396301896734,5.900125638025898,11.703554089007538,5.820412582572258,2.0,2.0,1.0,2.0,2.0,1.0,3.0,4.0,3.0,3.0,3.0,2.0
1,8.335191583433202,7.277938572945661,6.150247339261802,11.970356641102999,6.0865221697699115,2.0,2.0,4.0,2.0,2.0,2.0,1.0,3.0,3.0,4.0,4.0,2.0
1,9.140347000155648,0.0,6.656619406187823,11.225256725762893,6.034683666227958,2.0,2.0,3.0,2.0,2.0,2.0,2.0,1.0,1.0,1.0,2.0,2.0
1,8.218247926685745,8.06054004653864,6.352193761374755,12.111767460549332,6.227634002877222,2.0,2.0,3.0,2.0,2.0,2.0,1.0,4.0,2.0,4.0,1.0,2.0
0,8.430327258394575,0.0,5.9478173850017875,11.626263078808801,5.743359249768024,1.0,2.0,3.0,2.0,2.0,2.0,1.0,3.0,1.0,3.0,3.0,2.0
1,7.799753318287247,8.111928063310739,6.1779441140506,11.767575435251748,5.884250462800833,2.0,2.0,3.0,2.0,2.0,2.0,1.0,2.0,2.0,4.0,3.0,2.0
0,7.71333788887187,0.0,5.233334302171316,11.050905878263567,4.8846940707384086,2.0,1.0,3.0,2.0,2.0,1.0,3.0,2.0,1.0,2.0,2.0,2.0
1,8.987321812850125,0.0,6.503789046997708,12.206077645517674,6.321766996021397,2.0,2.0,4.0,2.0,2.0,2.0,3.0,1.0,1.0,1.0,1.0,2.0
1,7.507141079727608,7.478734825567875,5.704060213860875,11.461642696843066,5.579310450849021,2.0,2.0,3.0,1.0,2.0,2.0,1.0,2.0,3.0,2.0,2.0,2.0
1,10.85445020594156,0.0,8.369756036475785,13.45883704259595,7.7554816189874085,2.0,2.0,2.0,2.0,2.0,2.0,2.0,1.0,1.0,1.0,1.0,2.0
0,8.167068178341237,0.0,5.685279003091641,11.302216779257382,6.111467339502679,2.0,2.0,2.0,1.0,2.0,2.0,1.0,4.0,1.0,2.0,2.0,1.0
1,8.64979915596426,8.635153989049803,6.851625747425942,12.138869243416009,6.254683147381389,2.0,2.0,3.0,2.0,2.0,2.0,3.0,3.0,2.0,1.0,1.0,2.0
0,8.376781037699493,6.602587892189336,6.050519309889297,11.373674891823535,5.491688759528576,2.0,2.0,3.0,1.0,1.0,2.0,3.0,3.0,4.0,3.0,2.0,2.0
1,8.159946655578548,7.583247524303362,6.1226755413559175,11.661354090741,5.778340081158983,2.0,2.0,3.0,2.0,2.0,2.0,1.0,4.0,3.0,3.0,3.0,2.0
1,7.6236419465115715,7.3901814282264295,5.724673833687577,11.522885696764481,5.640329783544865,2.0,2.0,4.0,2.0,2.0,2.0,1.0,2.0,3.0,2.0,3.0,2.0
0,8.61558951327243,9.332646496360152,7.245892794922411,13.112315061750808,7.226936018493289,2.0,2.0,2.0,2.0,2.0,1.0,3.0,3.0,2.0,1.0,1.0,2.0
1,8.229777750081887,0.0,5.7477993600729755,11.661354090741,5.778340081158983,2.0,2.0,1.0,2.0,2.0,2.0,3.0,4.0,1.0,2.0,3.0,1.0
0,7.755338812846501,7.280697195384741,5.756796509941818,11.532737896139919,5.363636832668679,2.0,1.0,3.0,1.0,2.0,1.0,2.0,2.0,3.0,2.0,3.0,2.0
0,8.764209507142004,8.888894669371593,7.037466885503794,12.100717685412471,6.2166061010848646,2.0,2.0,1.0,2.0,2.0,1.0,2.0,1.0,2.0,1.0,1.0,2.0
0,7.558516743045645,8.529911963824013,6.367472236723985,11.112462823634855,5.231702617466053,2.0,1.0,3.0,2.0,2.0,2.0,1.0,2.0,2.0,4.0,2.0,2.0
1,8.434028950155469,0.0,5.951510231600949,11.19822841866684,6.007720587682988,2.0,2.0,3.0,2.0,2.0,2.0,3.0,3.0,1.0,3.0,2.0,1.0
0,10.429605648120413,0.0,7.945023937409195,12.468440756144114,6.583716536236168,2.0,2.0,1.0,2.0,2.0,2.0,3.0,1.0,1.0,1.0,1.0,2.0
1,8.195885391314796,0.0,5.714007795198989,11.58989576532275,5.707110264748875,1.0,2.0,3.0,2.0,2.0,2.0,3.0,4.0,1.0,2.0,3.0,2.0
1,10.57510461454571,8.46611040118692,8.204967939652821,11.695255355062795,5.812138499293826,2.0,2.0,3.0,2.0,1.0,2.0,3.0,1.0,2.0,1.0,3.0,2.0
0,7.68662133494462,0.0,5.206750173022546,11.097425172408931,5.3981627015177525,2.0,2.0,1.0,2.0,1.0,1.0,1.0,2.0,1.0,2.0,2.0,1.0
1,7.776535028185241,7.668093709082406,5.934232601152849,10.968215530759236,5.088281971186566,2.0,2.0,3.0,2.0,2.0,2.0,1.0,2.0,3.0,3.0,2.0,2.0
1,6.51471269087253,8.574895901544526,6.211603589401893,12.031725210748633,6.147755791434351,2.0,2.0,3.0,2.0,1.0,2.0,1.0,2.0,2.0,4.0,4.0,2.0
1,9.140883106960962,0.0,6.657154881434888,12.144202560946876,6.9521973796705465,2.0,2.0,3.0,2.0,2.0,2.0,1.0,1.0,1.0,1.0,1.0,1.0
1,8.494129251817686,0.0,6.011471401914317,10.778977123006351,4.9003242732785735,2.0,1.0,3.0,1.0,2.0,2.0,1.0,3.0,1.0,3.0,2.0,2.0
0,9.392745258631441,0.0,6.90875477931522,12.00762780434872,6.12371039154719,2.0,1.0,3.0,2.0,2.0,2.0,3.0,1.0,1.0,1.0,4.0,2.0
0,8.705165419719007,0.0,6.222080113260893,11.982935344196433,6.099072535306288,2.0,2.0,3.0,1.0,2.0,2.0,2.0,1.0,1.0,4.0,4.0,2.0
1,8.258163361537619,0.0,5.776103136235827,11.23850177707664,5.357110246389528,2.0,1.0,3.0,2.0,2.0,2.0,3.0,3.0,1.0,2.0,2.0,2.0
1,8.340933226000878,0.0,5.858647185217117,11.695255355062795,5.812138499293826,2.0,1.0,3.0,2.0,2.0,2.0,1.0,3.0,1.0,3.0,3.0,2.0
0,8.047509510981422,7.857093864902493,6.166817434585844,12.04355959836804,6.159565092586994,2.0,2.0,1.0,2.0,2.0,2.0,3.0,4.0,2.0,4.0,1.0,2.0
1,9.0280988119824,8.229777750081887,6.915640773256127,12.138869243416009,6.254683147381389,2.0,1.0,3.0,2.0,2.0,2.0,1.0,1.0,2.0,1.0,1.0,2.0
1,7.553810852008231,7.768956044538332,5.877735781779639,11.695255355062795,5.812138499293826,1.0,1.0,3.0,1.0,2.0,2.0,2.0,2.0,2.0,3.0,3.0,2.0
1,8.136518252115291,7.943427767876373,6.254469631847322,11.635151947212842,5.752219842914406,1.0,2.0,3.0,2.0,2.0,2.0,3.0,4.0,2.0,4.0,3.0,2.0
0,9.305741456739435,0.0,6.821834216474498,11.326607934898927,5.444819825537038,2.0,1.0,3.0,2.0,1.0,2.0,2.0,1.0,1.0,1.0,2.0,2.0
1,7.8636512654486515,7.824445930877619,6.054439346269371,11.407576060361786,5.5254529391317835,2.0,2.0,1.0,1.0,2.0,2.0,3.0,2.0,2.0,3.0,2.0,2.0
1,8.501876487304344,0.0,6.019201302079582,12.019749091416921,6.135805362406693,2.0,1.0,4.0,2.0,2.0,1.0,3.0,3.0,1.0,3.0,4.0,1.0
0,8.292298107063221,0.0,5.810142490647111,11.759793355371237,6.568233954168007,2.0,2.0,2.0,1.0,2.0,2.0,2.0,3.0,1.0,2.0,3.0,1.0
1,8.160803920954665,6.988413181999592,5.9478173850017875,11.813037464800539,5.929589143389895,2.0,2.0,1.0,1.0,2.0,2.0,2.0,4.0,4.0,3.0,4.0,2.0
1,8.273336598504486,0.0,5.791233569770459,11.728044909070785,5.844831832722535,2.0,2.0,4.0,1.0,2.0,2.0,3.0,3.0,1.0,2.0,3.0,1.0
1,8.391403185357937,0.0,5.908988325283744,11.695255355062795,5.812138499293826,1.0,1.0,3.0,1.0,2.0,2.0,3.0,3.0,1.0,3.0,3.0,2.0
1,8.08487062913819,0.0,5.603348077334431,11.289794413577894,5.408167787478715,1.0,1.0,3.0,2.0,2.0,2.0,2.0,4.0,1.0,2.0,2.0,2.0
1,8.288031567776464,7.836764783264067,6.297416209609507,10.915106645867503,5.0355085588413955,2.0,1.0,3.0,1.0,2.0,2.0,1.0,3.0,2.0,4.0,2.0,2.0
1,7.8160138391590275,0.0,5.33553286547418,10.985309671896763,5.105271846391107,2.0,1.0,3.0,2.0,2.0,2.0,2.0,2.0,1.0,2.0,2.0,2.0
0,8.137103389639302,0.0,5.6554088903719855,11.751950239425476,5.868668969628054,2.0,1.0,3.0,2.0,2.0,2.0,3.0,4.0,1.0,2.0,3.0,1.0
0,9.210440366976517,0.0,6.7266330027636645,12.273735966890268,6.389308092158631,1.0,1.0,3.0,2.0,2.0,2.0,3.0,1.0,1.0,1.0,1.0,2.0
0,8.14060704285845,7.1316985104669115,5.968707559985366,11.759793355371237,5.8764900637736375,2.0,2.0,2.0,2.0,2.0,1.0,3.0,4.0,3.0,3.0,3.0,2.0
1,8.960339366492091,0.0,6.476844149542497,12.388398368982115,6.503789046997708,2.0,2.0,1.0,2.0,1.0,2.0,2.0,1.0,1.0,1.0,1.0,1.0
1,8.648922962094131,0.0,6.165942926440911,11.775297421715827,5.891951101501342,2.0,2.0,2.0,1.0,1.0,2.0,1.0,3.0,1.0,4.0,4.0,2.0
1,8.062747901086354,8.013674142832684,6.248365195220325,11.827743504053695,5.944256464121201,2.0,2.0,3.0,2.0,2.0,2.0,2.0,4.0,2.0,4.0,4.0,2.0
1,8.25608813381491,6.891625897052253,6.000795874536866,11.51293546492023,5.630414969030203,2.0,2.0,2.0,1.0,2.0,2.0,3.0,3.0,4.0,3.0,3.0,2.0
0,5.017279836814924,7.496097345175956,5.096812990337308,11.813037464800539,5.929589143389895,2.0,2.0,3.0,2.0,2.0,2.0,1.0,2.0,3.0,2.0,4.0,1.0
1,8.223627175805483,7.4821189235521155,6.1301389417957415,11.782960235741939,5.8995928932360995,2.0,2.0,3.0,2.0,2.0,2.0,3.0,4.0,3.0,4.0,4.0,2.0
0,8.517393171418904,0.0,6.034683666227958,11.184435286790631,5.303304908059076,2.0,2.0,4.0,2.0,2.0,1.0,3.0,3.0,1.0,3.0,2.0,2.0
1,8.36264243156764,7.776535028185241,6.3216671707156,11.751950239425476,5.868668969628054,1.0,2.0,4.0,2.0,2.0,2.0,3.0,3.0,2.0,4.0,3.0,2.0
0,7.706162970199576,0.0,5.226194602052158,11.002116507732017,5.121977881431629,2.0,2.0,3.0,2.0,2.0,1.0,2.0,2.0,1.0,2.0,2.0,2.0
1,8.296546520300614,7.4489161025442,6.16995934675331,11.661354090741,5.778340081158983,2.0,2.0,4.0,2.0,2.0,2.0,3.0,3.0,3.0,4.0,3.0,2.0
1,7.99699040583765,7.934513463882263,6.17621371043488,11.87757552297847,5.993961427306569,2.0,1.0,3.0,2.0,2.0,2.0,3.0,4.0,2.0,4.0,4.0,2.0
1,8.93313654381203,6.918695219020472,6.574610832453598,12.07254696717504,6.188492251291632,2.0,2.0,3.0,2.0,2.0,2.0,3.0,1.0,4.0,1.0,1.0,2.0
1,8.740496729931813,0.0,6.2573482520983505,11.759793355371237,5.8764900637736375,2.0,2.0,3.0,2.0,2.0,2.0,3.0,1.0,1.0,4.0,3.0,2.0
0,8.086717920303906,0.0,5.605189133392959,12.04355959836804,6.159565092586994,2.0,2.0,3.0,2.0,2.0,2.0,1.0,4.0,1.0,2.0,1.0,1.0
0,8.462948176563842,0.0,5.980361468763317,11.835016210489899,5.951510231600949,2.0,2.0,3.0,1.0,1.0,2.0,2.0,3.0,1.0,3.0,4.0,2.0
1,8.740496729931813,7.4360278163518485,6.4969006735895345,12.25486757159303,6.370471596253125,2.0,2.0,4.0,2.0,2.0,2.0,3.0,1.0,3.0,1.0,1.0,2.0
1,8.46779284112111,0.0,5.985194934094387,11.970356641102999,5.799597577470496,2.0,2.0,3.0,2.0,2.0,2.0,3.0,3.0,1.0,3.0,4.0,2.0
1,8.764209507142004,0.0,6.281019863941443,12.206077645517674,6.321766996021397,2.0,1.0,3.0,2.0,1.0,2.0,1.0,1.0,1.0,4.0,1.0,1.0
1,7.820840879907344,7.628031126930335,5.939513141475882,11.552155793461898,5.6694977078005095,2.0,2.0,1.0,2.0,2.0,2.0,3.0,2.0,3.0,3.0,3.0,2.0
1,8.220672170297252,0.0,5.738720526017482,10.645448706505872,5.456744603142555,2.0,2.0,3.0,2.0,2.0,2.0,1.0,4.0,1.0,2.0,2.0,2.0
1,8.06777619577889,7.8628820346414905,6.18053411808844,11.695255355062795,5.812138499293826,2.0,1.0,3.0,1.0,2.0,2.0,1.0,4.0,2.0,4.0,3.0,2.0
1,9.0280988119824,0.0,6.544511186307935,12.54254845357358,6.657725739164105,1.0,1.0,3.0,2.0,2.0,2.0,3.0,1.0,1.0,1.0,1.0,1.0
1,8.057060681965766,7.484368643286131,6.021427798293361,11.849404844423074,5.965861798246996,2.0,2.0,1.0,2.0,2.0,2.0,3.0,4.0,3.0,3.0,4.0,2.0
1,8.612685172875459,7.13966033596492,6.3356450934650255,12.04355959836804,6.159565092586994,2.0,2.0,1.0,2.0,2.0,2.0,1.0,3.0,3.0,4.0,1.0,2.0
0,8.656433258507741,0.0,6.173438821384121,12.449022745701502,6.564325561793425,2.0,2.0,3.0,2.0,2.0,2.0,2.0,3.0,1.0,4.0,1.0,1.0
1,8.150179269682326,0.0,5.668443108210892,11.711784520403112,5.828618766814684,1.0,1.0,3.0,2.0,1.0,2.0,2.0,4.0,1.0,2.0,3.0,1.0
1,8.246171559857563,0.0,5.764145624383292,11.626263078808801,5.743359249768024,1.0,1.0,1.0,2.0,2.0,2.0,1.0,3.0,1.0,2.0,3.0,2.0
1,8.106514516255185,0.0,5.624919626230477,11.472113887062386,5.589742425278652,2.0,2.0,1.0,2.0,2.0,2.0,3.0,4.0,1.0,2.0,2.0,2.0
1,8.669055540725484,8.517393171418904,6.805261022047737,11.695255355062795,5.812138499293826,2.0,2.0,4.0,2.0,2.0,2.0,1.0,1.0,2.0,1.0,3.0,2.0
0,7.828436359157585,7.592870287844818,5.928036520254438,11.849404844423074,6.657725739164105,2.0,2.0,1.0,1.0,2.0,2.0,2.0,2.0,3.0,3.0,4.0,1.0
1,7.994969522697877,8.648572269472618,6.583639716570295,11.951186847493476,7.857222855550849,2.0,1.0,3.0,2.0,2.0,2.0,2.0,4.0,2.0,1.0,4.0,1.0
1,8.740496729931813,7.170888478512505,6.445984334662878,11.58989576532275,5.707110264748875,2.0,2.0,4.0,2.0,1.0,2.0,1.0,1.0,3.0,1.0,3.0,2.0
1,8.133587417660966,8.393442383980062,6.481449505002121,11.719947764402807,5.836758157347001,2.0,2.0,3.0,1.0,2.0,2.0,3.0,4.0,2.0,1.0,3.0,2.0
0,8.707978826622321,8.374246182096304,6.764173550504113,11.695255355062795,6.503789046997708,2.0,1.0,3.0,2.0,1.0,2.0,2.0,1.0,2.0,1.0,3.0,2.0
1,9.180293450623886,0.0,6.69651971202354,11.626263078808801,5.743359249768024,2.0,2.0,4.0,2.0,2.0,2.0,2.0,1.0,1.0,1.0,3.0,2.0
1,8.796187635470453,0.0,6.312943999143053,11.827743504053695,6.636092360163102,2.0,2.0,1.0,1.0,2.0,2.0,2.0,1.0,1.0,4.0,4.0,1.0
1,7.9665866976384025,7.519692404116539,5.978252653135751,11.719947764402807,5.550048374714159,2.0,2.0,1.0,2.0,2.0,2.0,3.0,4.0,3.0,3.0,3.0,2.0
1,7.501082124259871,7.533158807455563,5.728204047808675,11.407576060361786,5.5254529391317835,2.0,2.0,3.0,2.0,2.0,2.0,2.0,2.0,3.0,2.0,2.0,2.0
0,7.419979923661835,8.266421472984554,6.140243683133329,12.211065162153215,6.326745598359042,2.0,2.0,3.0,1.0,2.0,1.0,3.0,2.0,2.0,4.0,1.0,1.0
0,8.13973227971767,0.0,5.6580293606442655,11.835016210489899,5.951510231600949,1.0,1.0,4.0,2.0,2.0,2.0,2.0,4.0,1.0,2.0,4.0,1.0
1,7.857093864902493,7.681560362559537,5.983516377258808,11.552155793461898,5.6694977078005095,2.0,1.0,3.0,1.0,1.0,2.0,1.0,2.0,3.0,3.0,3.0,2.0
1,7.8868329989550565,8.868131713503033,6.7025744280421,12.53897064502647,7.346655163176539,2.0,2.0,1.0,1.0,2.0,2.0,3.0,2.0,2.0,1.0,1.0,1.0
0,9.69590972432601,0.0,7.211679726979782,12.165255859329688,6.281019863941443,2.0,1.0,3.0,2.0,1.0,1.0,2.0,1.0,1.0,1.0,1.0,2.0
1,8.03398273468322,0.0,5.552636535330696,12.449022745701502,6.564325561793425,1.0,1.0,2.0,2.0,2.0,2.0,1.0,4.0,1.0,2.0,1.0,1.0
0,8.707152175339404,0.0,6.224063257192947,11.652696102959753,5.76970892106862,2.0,1.0,3.0,1.0,2.0,1.0,1.0,1.0,1.0,4.0,3.0,2.0
0,8.566173813637858,0.0,6.083359811812238,11.451060699493427,5.568768502071456,2.0,2.0,2.0,2.0,2.0,2.0,2.0,3.0,1.0,3.0,2.0,2.0
0,9.594513744616725,7.650168700845001,7.243929852258392,12.624786269856633,6.739862458840303,2.0,2.0,3.0,2.0,2.0,2.0,1.0,1.0,3.0,1.0,1.0,2.0
0,8.503499864284235,0.0,6.020821063518959,11.759793355371237,5.8764900637736375,2.0,2.0,2.0,1.0,2.0,2.0,3.0,3.0,1.0,3.0,3.0,2.0
1,8.713417653379183,8.35490952835879,6.759351940391643,12.706850963741102,6.821834216474498,2.0,2.0,1.0,2.0,2.0,2.0,2.0,1.0,2.0,1.0,1.0,1.0
1,7.630946580890459,7.700747794511798,5.877035256356946,11.80560254159177,5.9221740122760735,2.0,1.0,3.0,2.0,2.0,2.0,3.0,2.0,2.0,3.0,4.0,1.0
0,8.155362120328135,0.0,5.673609595018831,11.951186847493476,8.367893688542061,1.0,1.0,1.0,2.0,2.0,2.0,3.0,4.0,1.0,2.0,4.0,1.0
1,8.881975184248867,0.0,6.398594934535208,11.695255355062795,5.812138499293826,1.0,1.0,3.0,2.0,2.0,2.0,1.0,1.0,1.0,4.0,3.0,2.0
1,8.550047528287184,0.0,6.067267510523482,11.759793355371237,5.8764900637736375,2.0,1.0,3.0,2.0,1.0,2.0,3.0,3.0,1.0,3.0,3.0,2.0
1,8.317766166719343,8.145549631783584,6.444925853484402,11.92504173829169,6.04131235283555,2.0,1.0,3.0,2.0,2.0,2.0,1.0,3.0,2.0,1.0,4.0,2.0
1,8.457230850243555,7.23561914106675,6.232284283435135,11.918397239722838,6.034683666227958,2.0,2.0,4.0,2.0,2.0,2.0,3.0,3.0,3.0,4.0,4.0,2.0
1,8.374246182096304,7.502186486602924,6.240275845170769,11.982935344196433,6.099072535306288,2.0,2.0,2.0,2.0,2.0,1.0,2.0,3.0,3.0,4.0,4.0,2.0
0,8.137103389639302,0.0,5.6554088903719855,11.813037464800539,5.929589143389895,1.0,1.0,3.0,2.0,2.0,2.0,1.0,4.0,1.0,2.0,4.0,1.0
1,7.964503363551548,7.353081920515432,5.915303186142418,11.407576060361786,5.5254529391317835,1.0,1.0,1.0,2.0,2.0,2.0,2.0,4.0,3.0,3.0,2.0,2.0
1,8.08271113423758,0.0,5.6011958858811,10.308985993422082,4.43477720005941,1.0,1.0,3.0,2.0,2.0,2.0,2.0,4.0,1.0,2.0,2.0,2.0
1,9.318925682389624,0.0,6.835005358617473,11.820417517632333,5.936949694801684,2.0,2.0,3.0,2.0,2.0,2.0,2.0,1.0,1.0,1.0,4.0,2.0
1,7.949444420250626,7.527255919373784,5.970836579312015,11.744045122410057,5.860786223465865,2.0,1.0,3.0,2.0,2.0,2.0,1.0,4.0,3.0,3.0,3.0,2.0
1,7.8713112033234065,7.707062655370473,6.002857730937425,11.918397239722838,6.034683666227958,2.0,2.0,3.0,2.0,2.0,2.0,3.0,2.0,2.0,3.0,4.0,1.0
1,8.268988209506656,0.0,5.786897381366708,11.407576060361786,5.5254529391317835,2.0,2.0,4.0,2.0,2.0,2.0,3.0,3.0,1.0,2.0,2.0,2.0
1,7.919719760924575,7.519149957669823,5.949774120053773,11.652696102959753,5.76970892106862,2.0,2.0,1.0,2.0,2.0,2.0,3.0,2.0,3.0,3.0,3.0,2.0
1,8.29254851397576,8.094073148069352,6.407842119330257,12.240478903153711,6.3561076606958915,2.0,2.0,3.0,2.0,2.0,2.0,3.0,3.0,2.0,4.0,1.0,2.0
1,8.04044688130311,7.170888478512505,5.90785646325006,11.289794413577894,5.408167787478715,2.0,2.0,3.0,2.0,2.0,2.0,2.0,4.0,3.0,3.0,2.0,2.0
1,9.5876803163585,0.0,7.103527633500215,12.985399815906522,7.100118838261538,2.0,2.0,3.0,2.0,2.0,2.0,3.0,1.0,1.0,1.0,1.0,2.0
1,8.31898612539206,0.0,5.836758157347001,11.728044909070785,5.844831832722535,1.0,2.0,3.0,1.0,2.0,2.0,1.0,3.0,1.0,3.0,3.0,1.0
0,8.307459327011946,7.794411205726601,6.293265231245468,11.970356641102999,6.0865221697699115,2.0,1.0,1.0,1.0,1.0,1.0,2.0,3.0,2.0,4.0,4.0,2.0
1,8.275885669474356,6.68586094706836,5.978674772179588,11.626263078808801,5.743359249768024,2.0,2.0,3.0,2.0,2.0,2.0,3.0,3.0,4.0,3.0,3.0,2.0
1,7.741533589281828,6.894467372292008,5.616407391472886,11.264476926102367,6.073812288456735,2.0,2.0,4.0,2.0,2.0,2.0,2.0,2.0,4.0,2.0,2.0,1.0
1,7.502186486602924,7.418780882750794,5.672463791398774,10.896757843893464,5.017279836814924,1.0,1.0,3.0,2.0,2.0,2.0,2.0,2.0,3.0,2.0,2.0,2.0
0,9.936341889407075,0.0,7.451967321765761,11.759793355371237,5.8764900637736375,2.0,2.0,3.0,2.0,2.0,2.0,1.0,1.0,1.0,1.0,3.0,2.0
1,8.058010800802085,8.024207485778577,6.251100734781217,11.39640288460621,5.514324402292926,2.0,1.0,3.0,2.0,2.0,2.0,1.0,4.0,2.0,4.0,2.0,2.0
0,7.8636512654486515,7.4489161025442,5.88818519765398,11.502885230075814,5.802118375377063,1.0,1.0,3.0,2.0,1.0,2.0,3.0,2.0,3.0,3.0,2.0,2.0
1,8.217438537730187,7.601402334583733,6.166117889261757,11.695255355062795,5.812138499293826,2.0,2.0,3.0,2.0,2.0,2.0,1.0,4.0,3.0,4.0,3.0,2.0
1,8.324821298768782,0.0,5.8425777664002645,11.652696102959753,5.76970892106862,1.0,1.0,3.0,2.0,2.0,2.0,3.0,3.0,1.0,3.0,3.0,2.0
1,9.159993997539445,0.0,6.676243477997411,12.138869243416009,6.254683147381389,2.0,1.0,3.0,2.0,2.0,2.0,1.0,1.0,1.0,1.0,1.0,2.0
1,8.031385330625534,7.790282380703483,6.128142027271759,11.842236406331555,5.958711760636174,2.0,2.0,3.0,2.0,2.0,2.0,1.0,4.0,2.0,3.0,4.0,2.0
0,8.38958706681109,0.0,5.907176730585393,11.751950239425476,5.868668969628054,2.0,2.0,4.0,2.0,2.0,1.0,3.0,3.0,1.0,3.0,3.0,2.0
1,8.056426767522984,7.353081920515432,5.975716190139843,11.80560254159177,5.9221740122760735,2.0,2.0,4.0,2.0,2.0,2.0,2.0,4.0,3.0,3.0,4.0,2.0
0,8.59748202264504,0.0,6.114603584117451,11.870606902224587,5.700164827744282,1.0,1.0,3.0,2.0,2.0,1.0,2.0,3.0,1.0,3.0,4.0,2.0
1,7.776535028185241,8.112227958349724,6.168389624620578,12.055255569732177,6.171236560279619,2.0,2.0,3.0,2.0,2.0,2.0,3.0,2.0,2.0,4.0,1.0,1.0
1,8.393216011596527,7.1316985104669115,6.159447687244916,11.608244735642321,5.725398996881067,2.0,2.0,2.0,2.0,2.0,2.0,2.0,3.0,3.0,4.0,3.0,2.0
1,8.83579236650274,0.0,6.3524842057566975,12.206077645517674,6.321766996021397,2.0,2.0,1.0,2.0,2.0,2.0,3.0,1.0,1.0,4.0,1.0,2.0
1,8.448271745949816,0.0,5.965719297356124,11.813037464800539,5.929589143389895,1.0,2.0,1.0,2.0,2.0,2.0,2.0,3.0,1.0,3.0,4.0,2.0
0,8.517393171418904,7.8407064517494,6.444793464525447,11.92504173829169,5.754422778113795,1.0,1.0,3.0,2.0,2.0,2.0,1.0,3.0,2.0,1.0,4.0,2.0
0,7.608374474380783,7.98139158158007,6.0224382055734225,11.635151947212842,5.752219842914406,2.0,2.0,1.0,2.0,2.0,2.0,2.0,2.0,2.0,3.0,3.0,2.0
0,7.496097345175956,7.984462732262196,5.980150787207709,11.440365524765756,5.558114235510282,2.0,2.0,3.0,1.0,2.0,1.0,2.0,2.0,2.0,3.0,2.0,2.0
1,7.964155718840937,7.467942332285852,5.956916234603461,11.561725152903833,5.679034304967007,2.0,2.0,3.0,1.0,2.0,2.0,3.0,4.0,3.0,3.0,3.0,2.0
1,8.517393171418904,0.0,6.034683666227958,11.790564777297387,5.907176730585393,1.0,1.0,3.0,2.0,2.0,2.0,1.0,3.0,1.0,3.0,4.0,2.0
1,7.3938782901077555,7.4977617006225685,5.658320100579444,11.472113887062386,5.589742425278652,2.0,2.0,1.0,2.0,2.0,2.0,2.0,2.0,3.0,2.0,2.0,2.0
1,8.294299608857235,7.824445930877619,6.296495257894376,11.849404844423074,5.965861798246996,2.0,1.0,3.0,2.0,2.0,2.0,1.0,3.0,2.0,4.0,4.0,2.0
0,7.601402334583733,0.0,5.121977881431629,11.759793355371237,5.8764900637736375,2.0,1.0,3.0,1.0,2.0,2.0,2.0,2.0,1.0,2.0,3.0,1.0
1,8.232971790593437,7.418780882750794,6.116627690061988,11.813037464800539,5.929589143389895,1.0,1.0,3.0,2.0,2.0,2.0,1.0,4.0,3.0,3.0,4.0,2.0
0,7.783640596221253,7.530479995245536,5.8756327315828605,11.552155793461898,5.6694977078005095,1.0,1.0,3.0,2.0,2.0,1.0,2.0,2.0,3.0,3.0,3.0,2.0
0,9.915119636765835,0.0,7.430756478678261,13.081543466215237,7.196187070324464,2.0,1.0,3.0,2.0,2.0,2.0,1.0,1.0,1.0,1.0,1.0,2.0
1,8.944811104165534,0.0,6.4613379595425435,12.128116509451258,6.243951127656103,2.0,2.0,4.0,1.0,2.0,2.0,1.0,1.0,1.0,1.0,1.0,2.0
1,7.978653729082731,0.0,5.4975096970397335,11.338583982516495,5.456744603142555,1.0,1.0,3.0,2.0,2.0,2.0,3.0,4.0,1.0,2.0,2.0,2.0
1,7.982074875081202,7.785720896534624,6.098823065428482,11.6172944892629,5.734419444118091,2.0,1.0,3.0,1.0,2.0,2.0,3.0,4.0,2.0,3.0,3.0,2.0
1,7.827240901752812,0.0,5.34671062656461,10.933124826700707,5.053410934562461,1.0,1.0,3.0,2.0,2.0,2.0,1.0,2.0,1.0,2.0,2.0,2.0
1,8.656433258507741,0.0,6.173438821384121,11.87757552297847,7.447334942975405,2.0,2.0,4.0,2.0,1.0,2.0,1.0,3.0,1.0,4.0,4.0,1.0
0,7.813591552952433,7.519692404116539,5.887954170738317,11.976665770490767,6.09281704136827,2.0,2.0,3.0,2.0,2.0,2.0,1.0,2.0,3.0,3.0,4.0,1.0
1,8.131530710604252,7.403061091090091,6.042434872680053,11.6172944892629,6.42594893761725,2.0,2.0,1.0,1.0,2.0,2.0,2.0,4.0,3.0,3.0,3.0,1.0
1,8.220941168281389,0.0,5.738988730390821,11.695255355062795,5.812138499293826,2.0,2.0,4.0,2.0,2.0,2.0,3.0,4.0,1.0,2.0,3.0,1.0
1,7.629975707027789,7.666221925662725,5.858885082208841,11.385103457032141,5.503070626083898,2.0,2.0,3.0,2.0,2.0,2.0,2.0,2.0,3.0,3.0,2.0,2.0
1,8.17244681834278,0.0,5.690640946233026,11.626263078808801,5.743359249768024,1.0,1.0,1.0,2.0,2.0,2.0,3.0,4.0,1.0,2.0,3.0,1.0
0,9.210440366976517,0.0,6.7266330027636645,11.951186847493476,6.067396252074996,2.0,2.0,1.0,2.0,1.0,2.0,1.0,1.0,1.0,1.0,4.0,2.0
1,7.783640596221253,7.681560362559537,5.944329262869095,11.652696102959753,5.76970892106862,2.0,2.0,3.0,2.0,2.0,2.0,3.0,2.0,3.0,3.0,3.0,2.0
1,8.376320632534823,5.247024072160486,5.936436215971403,11.728044909070785,5.844831832722535,2.0,2.0,2.0,2.0,2.0,2.0,3.0,3.0,1.0,3.0,3.0,2.0
1,8.189244525735901,7.372118028337787,6.072084011502303,11.759793355371237,5.8764900637736375,2.0,2.0,4.0,1.0,2.0,2.0,1.0,4.0,3.0,3.0,3.0,2.0
1,8.06054004653864,8.001689978099135,6.241412301174243,11.790564777297387,5.907176730585393,1.0,1.0,3.0,2.0,2.0,2.0,1.0,4.0,2.0,4.0,4.0,2.0
1,9.61587214452889,0.0,7.1316985104669115,12.611541086966115,6.7266330027636645,2.0,2.0,2.0,2.0,2.0,2.0,1.0,1.0,1.0,1.0,1.0,2.0
0,9.067277989134345,8.51398806046729,7.037393687099487,12.837347081942964,6.9521973796705465,2.0,2.0,1.0,2.0,1.0,1.0,1.0,1.0,2.0,1.0,1.0,2.0
1,8.500657222776137,0.0,6.017984756917378,11.775297421715827,5.891951101501342,2.0,1.0,3.0,2.0,2.0,1.0,1.0,3.0,1.0,3.0,4.0,2.0
1,8.66888370465667,7.6783263565068856,6.50103938897232,12.122696471358964,6.238541615384289,2.0,2.0,3.0,2.0,1.0,2.0,3.0,1.0,3.0,1.0,1.0,2.0
0,8.374246182096304,7.804659297056102,6.3391828330038225,11.608244735642321,5.725398996881067,1.0,2.0,3.0,2.0,2.0,2.0,2.0,3.0,2.0,4.0,3.0,2.0
1,7.824445930877619,0.0,5.343927877800089,11.112462823634855,5.231702617466053,1.0,1.0,3.0,2.0,2.0,2.0,2.0,2.0,1.0,2.0,2.0,2.0
1,8.385944904806284,7.492203042618741,6.245622151951361,11.669937760751914,5.786897381366708,2.0,1.0,1.0,2.0,2.0,2.0,2.0,3.0,3.0,4.0,3.0,2.0
1,7.984803389734406,0.0,5.503636332949695,11.49273296168228,5.610285464879973,2.0,1.0,3.0,2.0,2.0,2.0,3.0,4.0,1.0,2.0,2.0,1.0
1,7.949444420250626,0.0,5.468411696772431,11.170449240431308,5.289388735803735,2.0,1.0,3.0,2.0,2.0,2.0,2.0,4.0,1.0,2.0,2.0,2.0
1,11.056240743970491,0.0,8.571507750517043,13.102162710901053,7.909571098680007,2.0,2.0,3.0,2.0,2.0,2.0,2.0,1.0,1.0,1.0,1.0,2.0
1,9.193601047971885,7.51425465281641,6.880555359055482,12.111767460549332,6.91979363740859,2.0,2.0,1.0,2.0,1.0,2.0,2.0,1.0,3.0,1.0,1.0,1.0
1,8.61323037961318,8.409830673087738,6.725933597229833,11.156264806643742,5.275276167401339,2.0,2.0,3.0,2.0,1.0,2.0,3.0,3.0,2.0,1.0,2.0,2.0
1,8.566173813637858,6.535241271013659,6.206239848751675,11.982935344196433,6.099072535306288,2.0,2.0,1.0,2.0,2.0,2.0,1.0,3.0,4.0,4.0,4.0,2.0
1,7.824445930877619,8.434028950155469,6.38463212740574,12.07824495582233,6.194178608021718,2.0,2.0,4.0,2.0,1.0,2.0,1.0,2.0,2.0,4.0,1.0,2.0
0,7.5126175446745105,0.0,5.033700567027251,11.759793355371237,5.8764900637736375,1.0,1.0,2.0,1.0,2.0,1.0,2.0,2.0,1.0,2.0,3.0,1.0
1,8.333510708982942,0.0,5.851244166332663,11.170449240431308,5.289388735803735,1.0,1.0,3.0,2.0,2.0,2.0,3.0,3.0,1.0,3.0,2.0,2.0
0,7.881559917056899,7.370230641807081,5.868825992475201,12.06105265381003,6.1770216047600845,2.0,2.0,2.0,1.0,2.0,2.0,1.0,2.0,3.0,3.0,1.0,1.0
0,7.774435510302958,0.0,5.294141995137556,10.736418414365376,4.8580882660035325,1.0,1.0,3.0,2.0,2.0,2.0,1.0,2.0,1.0,2.0,2.0,2.0
1,8.423980809694058,7.114769448366463,6.179844105985852,11.970356641102999,6.0865221697699115,2.0,2.0,1.0,1.0,2.0,2.0,2.0,3.0,3.0,4.0,4.0,2.0
1,8.062747901086354,0.0,5.581300918218264,11.211833885608513,5.330569410385224,2.0,2.0,2.0,1.0,2.0,2.0,3.0,4.0,1.0,2.0,2.0,2.0
1,7.857093864902493,7.754052639035757,6.017172903818189,11.736077016252437,5.852840845579747,2.0,2.0,4.0,2.0,2.0,2.0,1.0,2.0,2.0,3.0,3.0,2.0
1,7.824046010856292,7.807510042216193,6.02606724181432,11.982935344196433,6.099072535306288,2.0,2.0,3.0,2.0,2.0,2.0,3.0,2.0,2.0,3.0,4.0,1.0
0,8.16735198705607,8.080546965824498,6.334610890816888,11.931642378754141,6.047897389142385,2.0,2.0,3.0,1.0,2.0,1.0,1.0,4.0,2.0,4.0,4.0,2.0
1,8.03398273468322,7.682021510826875,6.083549835565779,11.744045122410057,5.860786223465865,2.0,2.0,4.0,1.0,2.0,2.0,2.0,4.0,3.0,3.0,3.0,2.0
1,8.753687227098585,8.430327258394575,6.814176932022571,12.464587201678082,6.579868305519347,2.0,2.0,3.0,2.0,2.0,2.0,3.0,1.0,2.0,1.0,1.0,2.0
1,7.873217054862741,8.740496729931813,6.607438163950475,12.138869243416009,6.254683147381389,2.0,2.0,3.0,2.0,2.0,2.0,1.0,2.0,2.0,1.0,1.0,2.0
1,9.114269903225448,0.0,6.6305734411642225,12.337105293891872,6.45257457862804,2.0,2.0,3.0,2.0,2.0,2.0,3.0,1.0,1.0,1.0,1.0,2.0
0,9.076923258535832,8.335191583433202,6.982321479466553,12.637858308703688,6.752919179123043,2.0,1.0,3.0,2.0,2.0,2.0,1.0,1.0,2.0,1.0,1.0,2.0
1,7.888709524182015,7.642044402873258,5.983306359406519,11.461642696843066,5.579310450849021,2.0,2.0,2.0,2.0,2.0,2.0,1.0,2.0,3.0,3.0,2.0,2.0
0,8.612685172875459,0.0,6.129776162905494,11.561725152903833,5.679034304967007,1.0,2.0,3.0,2.0,1.0,1.0,1.0,3.0,1.0,4.0,3.0,2.0
1,7.793174347189205,6.226536669287466,5.501258210544727,11.775297421715827,5.891951101501342,1.0,2.0,3.0,2.0,2.0,2.0,3.0,2.0,4.0,2.0,4.0,1.0
1,8.246433786160365,0.0,5.7644070964726355,11.661354090741,6.469939140656313,1.0,1.0,3.0,2.0,2.0,2.0,2.0,3.0,1.0,2.0,3.0,1.0
1,9.0280988119824,8.060855752934316,6.866238598779203,12.013706813470414,6.129776162905494,2.0,2.0,4.0,2.0,2.0,2.0,1.0,1.0,2.0,1.0,4.0,2.0
0,8.262558973010657,0.0,5.780486281064223,11.112462823634855,5.231702617466053,2.0,2.0,1.0,2.0,2.0,2.0,2.0,3.0,1.0,2.0,2.0,2.0
0,8.006700845440367,7.418780882750794,5.965719297356124,11.51293546492023,5.343927877800089,2.0,2.0,3.0,1.0,2.0,1.0,2.0,4.0,3.0,3.0,3.0,2.0
1,8.550241045462437,8.060855752934316,6.544631011363498,12.206077645517674,6.321766996021397,2.0,2.0,2.0,2.0,2.0,2.0,3.0,3.0,2.0,1.0,1.0,2.0
0,8.460411177317253,0.0,5.977830355832178,11.302216779257382,5.420534999272286,1.0,1.0,1.0,2.0,2.0,2.0,3.0,3.0,1.0,3.0,2.0,2.0
1,8.517393171418904,8.207401833376355,6.583754943856245,12.371591321286905,6.487007314009455,2.0,2.0,4.0,2.0,2.0,2.0,3.0,3.0,2.0,1.0,1.0,2.0
1,8.46611040118692,7.755338812846501,6.382238939806142,11.775297421715827,5.891951101501342,2.0,2.0,3.0,2.0,2.0,2.0,2.0,3.0,2.0,4.0,4.0,2.0
1,8.01102337918644,8.017637159908478,6.224228341799182,11.461642696843066,5.761002614986093,2.0,2.0,3.0,2.0,2.0,2.0,2.0,4.0,2.0,4.0,2.0,2.0
1,8.828054536815424,0.0,6.3447587828872365,11.856522261533737,5.972961075543423,2.0,1.0,3.0,2.0,1.0,2.0,1.0,1.0,1.0,4.0,4.0,2.0
0,8.735042754269337,0.0,6.251903883165888,11.798111925972618,5.91470348597452,2.0,1.0,3.0,1.0,2.0,2.0,1.0,1.0,1.0,4.0,4.0,2.0
0,7.824445930877619,0.0,5.343927877800089,11.472113887062386,5.303304908059076,2.0,1.0,3.0,2.0,2.0,2.0,3.0,2.0,1.0,2.0,2.0,2.0
0,8.54188580400661,0.0,6.059123195581797,11.728044909070785,5.844831832722535,2.0,1.0,3.0,2.0,2.0,1.0,1.0,3.0,1.0,3.0,3.0,2.0
1,8.752423403865594,0.0,6.269254099535517,12.07254696717504,6.188492251291632,2.0,2.0,1.0,2.0,2.0,2.0,3.0,1.0,1.0,4.0,1.0,2.0
0,9.889946281969461,8.569216219483389,7.642044402873258,13.25339339419516,7.3679189879459,2.0,2.0,3.0,2.0,2.0,2.0,1.0,1.0,2.0,1.0,1.0,2.0
1,9.66523036341187,0.0,7.181021439699557,10.915106645867503,5.0355085588413955,1.0,1.0,3.0,2.0,1.0,2.0,3.0,1.0,1.0,1.0,2.0,2.0
1,8.55371796609861,0.0,6.0709301652204415,11.951186847493476,6.067396252074996,2.0,2.0,4.0,2.0,2.0,2.0,3.0,3.0,1.0,3.0,4.0,2.0
1,9.140347000155648,8.971321471503682,7.2682230211595655,12.847929163278053,7.1449332192601505,2.0,2.0,4.0,2.0,1.0,2.0,1.0,1.0,2.0,1.0,1.0,2.0
0,8.027150106832774,7.59488438721652,6.044412721426077,11.6172944892629,6.42594893761725,2.0,1.0,1.0,2.0,2.0,1.0,2.0,4.0,3.0,3.0,3.0,1.0
1,7.9247959139564355,7.286191714702382,5.8662319572981545,11.608244735642321,5.725398996881067,1.0,1.0,3.0,2.0,2.0,2.0,2.0,2.0,3.0,3.0,3.0,2.0
1,8.480114183174816,6.828712071641684,6.172396249612882,11.695255355062795,6.503789046997708,2.0,2.0,3.0,2.0,2.0,2.0,2.0,3.0,4.0,4.0,3.0,1.0
1,9.076923258535832,8.516593011344206,7.044469102297959,11.775297421715827,5.891951101501342,2.0,2.0,2.0,2.0,2.0,2.0,1.0,1.0,2.0,1.0,4.0,2.0
1,8.368925174747135,0.0,5.886566887278831,11.775297421715827,5.891951101501342,2.0,2.0,3.0,2.0,2.0,2.0,3.0,3.0,1.0,3.0,4.0,1.0
0,8.029432840581244,0.0,5.548102848808668,11.170449240431308,5.003386865371428,2.0,1.0,3.0,2.0,2.0,2.0,2.0,4.0,1.0,2.0,2.0,2.0
1,8.592671652592143,0.0,6.109802984056065,11.775297421715827,5.891951101501342,2.0,2.0,4.0,2.0,2.0,2.0,2.0,3.0,1.0,3.0,4.0,2.0
1,8.111928063310739,7.824445930877619,6.188435224118169,11.759793355371237,5.8764900637736375,2.0,2.0,3.0,2.0,2.0,2.0,3.0,4.0,2.0,4.0,3.0,2.0
1,8.689801056022553,8.350666240520924,6.743764678872906,12.598118111678868,6.713226179080437,2.0,1.0,3.0,2.0,2.0,2.0,3.0,1.0,2.0,1.0,1.0,2.0
1,8.699681400989514,0.0,6.2166061010848646,11.957617696467539,6.073812288456735,1.0,1.0,3.0,2.0,2.0,2.0,2.0,1.0,1.0,4.0,4.0,2.0
1,8.877381954654766,0.0,6.394008726788483,11.759793355371237,5.8764900637736375,2.0,1.0,3.0,2.0,1.0,2.0,2.0,1.0,1.0,4.0,3.0,2.0
0,8.426611813185,0.0,5.9441108507245115,11.51293546492023,5.630414969030203,2.0,2.0,4.0,2.0,2.0,2.0,2.0,3.0,1.0,3.0,3.0,2.0
1,8.207401833376355,0.0,5.725489605316774,11.635151947212842,6.443777899806305,2.0,1.0,1.0,2.0,2.0,2.0,2.0,4.0,1.0,2.0,3.0,1.0
1,7.760893195851024,7.3783837129967145,5.798587476374511,11.790564777297387,5.907176730585393,2.0,1.0,3.0,1.0,2.0,2.0,3.0,2.0,3.0,2.0,4.0,1.0
0,8.010027528481734,8.051022208190679,6.240600678696445,11.759793355371237,5.8764900637736375,2.0,2.0,3.0,1.0,2.0,1.0,2.0,4.0,2.0,4.0,3.0,2.0
1,7.755338812846501,7.790696031174738,5.983516377258808,11.820417517632333,5.936949694801684,2.0,2.0,3.0,2.0,2.0,2.0,2.0,2.0,2.0,3.0,4.0,2.0
1,8.610501368549889,0.0,6.127596721432562,11.736077016252437,5.852840845579747,2.0,2.0,3.0,2.0,2.0,2.0,1.0,3.0,1.0,3.0,3.0,2.0
1,9.12347443895452,0.0,6.639766895431091,12.128116509451258,6.243951127656103,2.0,1.0,2.0,2.0,2.0,2.0,1.0,1.0,1.0,1.0,1.0,2.0
1,9.15957325492253,0.0,6.675823221634848,12.524530013005734,6.639730579995211,2.0,2.0,2.0,2.0,2.0,2.0,1.0,1.0,1.0,1.0,1.0,2.0
1,7.857093864902493,7.65728279297819,5.972536537222463,11.695255355062795,5.812138499293826,2.0,2.0,3.0,2.0,2.0,2.0,2.0,2.0,3.0,3.0,3.0,2.0
1,7.597897950521784,7.3938782901077555,5.7120812774708964,11.635151947212842,6.443777899806305,2.0,2.0,4.0,1.0,2.0,2.0,3.0,2.0,3.0,2.0,3.0,1.0
1,8.03947991910045,7.244941546337007,5.929589143389895,11.635151947212842,5.752219842914406,2.0,2.0,4.0,2.0,2.0,2.0,2.0,4.0,3.0,3.0,3.0,2.0
1,8.094683648698815,6.184148890937483,5.750453993965348,11.813037464800539,5.929589143389895,2.0,2.0,4.0,2.0,2.0,2.0,3.0,4.0,1.0,2.0,4.0,1.0
0,8.064950891749143,0.0,5.583496308781699,11.170449240431308,5.289388735803735,1.0,1.0,3.0,2.0,2.0,1.0,2.0,4.0,1.0,2.0,2.0,2.0
1,8.017637159908478,7.286191714702382,5.927814520031526,11.461642696843066,5.579310450849021,2.0,2.0,3.0,2.0,2.0,2.0,2.0,4.0,3.0,3.0,2.0,2.0
1,8.269500767180615,7.418780882750794,6.142037405587356,11.599112335481124,5.7162964399476754,2.0,1.0,3.0,1.0,2.0,2.0,1.0,3.0,3.0,4.0,3.0,2.0
0,7.313886831633462,7.496097345175956,5.62040086571715,11.542493975902508,5.659869287566273,1.0,1.0,3.0,2.0,2.0,1.0,3.0,2.0,3.0,2.0,3.0,1.0
0,7.969011781106478,0.0,5.487904134333403,10.714439990727769,5.5254529391317835,2.0,2.0,4.0,1.0,2.0,1.0,2.0,4.0,1.0,2.0,2.0,1.0
0,7.9215356321335495,0.0,5.440612329998926,11.082157933374816,5.382964840608321,2.0,1.0,3.0,1.0,2.0,2.0,1.0,2.0,1.0,2.0,2.0,2.0
1,7.824445930877619,9.90353755128617,7.53689712956617,11.542493975902508,5.659869287566273,2.0,1.0,3.0,2.0,2.0,2.0,3.0,2.0,2.0,1.0,3.0,2.0
1,7.582738488914411,0.0,5.103417027547222,10.87806606028079,4.99871264913935,1.0,1.0,3.0,1.0,2.0,2.0,3.0,2.0,1.0,2.0,2.0,2.0
0,8.914894908906568,0.0,6.431465265093694,12.175618592671356,6.291363357069684,1.0,1.0,3.0,2.0,1.0,2.0,1.0,1.0,1.0,4.0,1.0,2.0
1,8.422442854870427,0.0,5.939951930425441,11.652696102959753,5.76970892106862,1.0,1.0,3.0,2.0,2.0,2.0,3.0,3.0,1.0,3.0,3.0,2.0
1,7.681560362559537,7.783640596221253,5.944329262869095,11.652696102959753,5.76970892106862,2.0,2.0,3.0,1.0,2.0,2.0,2.0,2.0,2.0,3.0,3.0,2.0
1,7.7025561132685825,0.0,5.22260554481234,11.097425172408931,5.216745712854225,1.0,1.0,3.0,1.0,2.0,2.0,1.0,2.0,1.0,2.0,2.0,2.0
0,9.024131268455035,0.0,6.540548882991063,11.931642378754141,6.229825064227052,2.0,2.0,1.0,2.0,2.0,1.0,3.0,1.0,1.0,1.0,4.0,2.0
0,11.302216779257382,0.0,8.81744592104187,12.793862088206213,6.90875477931522,2.0,2.0,2.0,2.0,2.0,1.0,1.0,1.0,1.0,1.0,1.0,2.0
0,8.260492856573185,0.0,5.778426017651967,11.034905792929415,5.1545752917215575,1.0,1.0,1.0,1.0,1.0,2.0,3.0,3.0,1.0,2.0,2.0,2.0
1,8.741456115998364,0.0,6.258305953687911,11.982935344196433,6.099072535306288,2.0,2.0,3.0,2.0,2.0,2.0,2.0,1.0,1.0,4.0,4.0,2.0
0,8.715552125907816,0.0,6.2324480165505225,12.292254928916668,6.407796324445538,2.0,2.0,3.0,1.0,2.0,1.0,1.0,1.0,1.0,4.0,1.0,1.0
1,7.720461694599722,7.617759576608505,5.880998427414456,11.608244735642321,5.725398996881067,2.0,2.0,3.0,1.0,2.0,2.0,1.0,2.0,3.0,3.0,3.0,2.0
0,7.673223121121708,8.08271113423758,6.108877143789949,12.08954444723597,6.2054552272912575,1.0,2.0,3.0,1.0,2.0,1.0,3.0,2.0,2.0,3.0,1.0,1.0
1,8.005033344637111,0.0,5.523791533200529,11.002116507732017,5.121977881431629,1.0,1.0,3.0,2.0,2.0,2.0,2.0,4.0,1.0,2.0,2.0,2.0
0,7.8636512654486515,0.0,5.382964840608321,11.982935344196433,6.099072535306288,1.0,1.0,1.0,2.0,2.0,2.0,2.0,2.0,1.0,2.0,4.0,1.0
0,7.3783837129967145,9.90353755128617,7.496097345175956,12.384223015005313,6.499619942318094,2.0,2.0,4.0,2.0,1.0,2.0,2.0,2.0,2.0,1.0,1.0,2.0
1,6.933423025730715,7.928045600874777,5.760477818332746,11.626263078808801,5.743359249768024,2.0,2.0,3.0,2.0,2.0,2.0,1.0,2.0,2.0,2.0,3.0,2.0
1,8.085486772102845,7.257002707092073,5.965077791934787,11.835016210489899,5.951510231600949,2.0,2.0,3.0,2.0,2.0,2.0,3.0,4.0,3.0,3.0,4.0,2.0
1,8.670772279344538,0.0,6.187750644252309,11.835016210489899,5.951510231600949,2.0,2.0,3.0,2.0,2.0,2.0,1.0,1.0,1.0,4.0,4.0,2.0
0,7.908754738783246,0.0,5.42788257090268,11.289794413577894,5.408167787478715,1.0,1.0,3.0,1.0,2.0,1.0,2.0,2.0,1.0,2.0,2.0,2.0
1,7.507141079727608,7.450079569807499,5.690077883155087,11.51293546492023,5.630414969030203,2.0,2.0,3.0,2.0,2.0,2.0,2.0,2.0,3.0,2.0,3.0,2.0
0,8.888894669371593,7.419380582918692,6.612153035729216,11.608244735642321,5.725398996881067,2.0,2.0,1.0,2.0,2.0,1.0,2.0,1.0,3.0,1.0,3.0,2.0
1,9.60784051043005,0.0,7.123672785204607,11.472113887062386,5.589742425278652,2.0,2.0,3.0,2.0,2.0,2.0,3.0,1.0,1.0,1.0,2.0,2.0
1,7.888709524182015,8.366602832783736,6.365610971958719,11.703554089007538,5.820412582572258,2.0,2.0,3.0,2.0,2.0,2.0,1.0,2.0,2.0,4.0,3.0,2.0
0,8.435332164935916,0.0,5.95281034012644,11.302216779257382,5.420534999272286,1.0,1.0,1.0,1.0,2.0,2.0,1.0,3.0,1.0,3.0,2.0,2.0
1,8.688790784847216,0.0,6.205735519918593,11.798111925972618,5.91470348597452,2.0,2.0,4.0,2.0,2.0,2.0,3.0,1.0,1.0,4.0,4.0,2.0
1,7.979681302387741,2.8402474197790153,5.504016308540799,11.373674891823535,5.491688759528576,2.0,2.0,3.0,2.0,2.0,2.0,1.0,4.0,1.0,2.0,2.0,2.0
1,7.907651594711089,0.0,5.426783870920338,11.002116507732017,5.812138499293826,2.0,1.0,3.0,1.0,2.0,2.0,2.0,2.0,1.0,2.0,2.0,1.0
1,9.062420241899561,0.0,6.578788141846697,11.918397239722838,6.034683666227958,1.0,1.0,1.0,2.0,1.0,2.0,3.0,1.0,1.0,1.0,4.0,2.0
0,8.77971129020447,0.0,6.296495257894376,11.561725152903833,5.679034304967007,2.0,1.0,3.0,2.0,2.0,1.0,1.0,1.0,1.0,4.0,3.0,2.0
1,9.463198053273784,0.0,6.97914527506881,12.91164481522143,7.026426808699636,2.0,1.0,3.0,2.0,2.0,2.0,3.0,1.0,1.0,1.0,1.0,1.0
1,7.793999089503996,7.75833346749091,5.986661363601962,11.870606902224587,5.987010196758602,2.0,2.0,3.0,2.0,2.0,2.0,3.0,2.0,2.0,3.0,4.0,1.0
1,8.229777750081887,0.0,5.7477993600729755,11.51293546492023,5.630414969030203,2.0,1.0,3.0,2.0,2.0,2.0,2.0,4.0,1.0,2.0,3.0,2.0
1,9.21512888870798,0.0,6.731316385346338,11.759793355371237,6.281019863941443,1.0,2.0,3.0,2.0,2.0,2.0,3.0,1.0,1.0,1.0,3.0,2.0
1,7.563719668414366,7.524021415206125,5.7549507612306,10.819798284210286,4.940848456708128,2.0,1.0,3.0,2.0,2.0,2.0,3.0,2.0,3.0,2.0,2.0,2.0
1,7.7025561132685825,7.026426808699636,5.631808975031112,11.759793355371237,5.8764900637736375,2.0,2.0,3.0,2.0,2.0,2.0,2.0,2.0,3.0,2.0,3.0,1.0
0,9.251194365984448,0.0,6.767343125265392,12.138869243416009,6.254683147381389,2.0,1.0,3.0,2.0,1.0,1.0,2.0,1.0,1.0,1.0,1.0,2.0
1,8.873888135154973,0.0,6.3905202700309625,11.835016210489899,5.951510231600949,1.0,2.0,3.0,1.0,1.0,2.0,1.0,1.0,1.0,4.0,4.0,2.0
1,8.205491613120236,8.530109416682784,6.590301048196686,12.138869243416009,6.254683147381389,2.0,1.0,3.0,2.0,2.0,2.0,3.0,4.0,2.0,1.0,1.0,2.0
1,8.974871170971337,7.51425465281641,6.699705573615451,12.100717685412471,6.2166061010848646,2.0,2.0,3.0,2.0,2.0,2.0,1.0,1.0,3.0,1.0,1.0,2.0
1,8.457018468380168,7.597897950521784,6.326745598359042,11.904974309480183,6.0212930001533715,2.0,1.0,2.0,1.0,2.0,2.0,3.0,3.0,3.0,4.0,4.0,2.0
1,10.537945736747394,0.0,8.053330666927264,11.931642378754141,6.047897389142385,2.0,1.0,1.0,2.0,2.0,2.0,3.0,1.0,1.0,1.0,4.0,2.0
1,8.900276348631271,9.0280988119824,7.1751070849606675,12.07254696717504,6.370471596253125,2.0,2.0,3.0,2.0,2.0,2.0,1.0,1.0,2.0,1.0,1.0,2.0
1,8.151044945685024,7.099201743553092,5.9678546814688485,11.775297421715827,5.891951101501342,2.0,2.0,1.0,2.0,1.0,2.0,1.0,4.0,3.0,3.0,4.0,2.0
1,8.445267451844648,0.0,5.9627220782423285,11.608244735642321,5.725398996881067,2.0,2.0,4.0,1.0,2.0,2.0,1.0,3.0,1.0,3.0,3.0,2.0
0,8.17188200612782,7.227662498728654,6.017578912755963,10.915106645867503,5.0355085588413955,2.0,2.0,3.0,2.0,2.0,2.0,1.0,4.0,3.0,3.0,2.0,2.0
0,8.114025442356757,7.444833273892193,6.044610291317069,11.918397239722838,6.034683666227958,2.0,2.0,4.0,2.0,2.0,1.0,1.0,4.0,3.0,3.0,4.0,2.0
0,7.926602599181384,7.341483852363161,5.886798234879631,12.154784614286667,6.270568263784891,2.0,1.0,1.0,1.0,1.0,2.0,3.0,2.0,3.0,3.0,1.0,1.0
0,7.745002803515839,7.135687347028144,5.697093486505405,11.736077016252437,5.852840845579747,2.0,2.0,4.0,1.0,2.0,1.0,1.0,2.0,3.0,2.0,3.0,1.0
1,7.580189417944541,7.284134806195205,5.654242029096065,11.002116507732017,5.303304908059076,2.0,2.0,4.0,1.0,2.0,2.0,2.0,2.0,3.0,2.0,2.0,2.0
0,8.28121766128665,7.458186157340487,6.1620859791630815,11.91170829631447,6.028010746765449,2.0,2.0,3.0,2.0,2.0,1.0,1.0,3.0,3.0,4.0,4.0,2.0
1,7.81762544305337,7.810758116529357,6.0244559625130485,11.407576060361786,6.2166061010848646,2.0,2.0,3.0,2.0,2.0,1.0,1.0,2.0,2.0,3.0,2.0,1.0
1,8.865876285425417,0.0,6.382520788736983,11.338583982516495,5.456744603142555,2.0,1.0,3.0,2.0,1.0,2.0,3.0,1.0,1.0,4.0,2.0,2.0
1,8.258422462458876,0.0,5.776361500789648,11.472113887062386,5.589742425278652,2.0,2.0,4.0,2.0,2.0,2.0,3.0,3.0,1.0,2.0,2.0,2.0
1,8.366835309827675,0.0,5.884482346859843,11.678448377988165,5.795382075063991,2.0,2.0,3.0,2.0,2.0,2.0,2.0,3.0,1.0,3.0,3.0,2.0
0,8.21851757748959,7.851661177889265,6.261650704755503,12.06105265381003,6.1770216047600845,2.0,2.0,3.0,2.0,2.0,2.0,2.0,4.0,2.0,4.0,1.0,2.0
1,8.379079889286603,0.0,5.896695887321889,11.820417517632333,5.936949694801684,2.0,1.0,4.0,2.0,2.0,2.0,1.0,3.0,1.0,3.0,4.0,1.0
0,9.028218795184895,0.0,6.544631011363498,11.982935344196433,6.099072535306288,2.0,2.0,3.0,2.0,2.0,2.0,3.0,1.0,1.0,1.0,4.0,2.0
1,7.642044402873258,8.314832179284556,6.243843223690527,11.982935344196433,6.099072535306288,2.0,2.0,3.0,2.0,1.0,2.0,3.0,2.0,2.0,4.0,4.0,2.0
1,8.954286157204713,0.0,6.470799503782602,11.759793355371237,6.568233954168007,2.0,2.0,2.0,2.0,2.0,2.0,2.0,1.0,1.0,1.0,3.0,1.0
1,8.011686729127847,7.691200097522863,6.074387717646872,11.938199736300925,6.054439346269371,2.0,2.0,3.0,2.0,2.0,2.0,1.0,4.0,3.0,3.0,4.0,2.0
1,8.554874258383926,0.0,6.072084011502303,11.790564777297387,5.907176730585393,1.0,1.0,1.0,1.0,2.0,2.0,3.0,3.0,1.0,3.0,4.0,2.0
0,8.334951631422454,0.0,5.852681292328511,11.49273296168228,5.610285464879973,2.0,1.0,3.0,2.0,2.0,1.0,3.0,3.0,1.0,3.0,2.0,2.0
1,8.699681400989514,0.0,6.2166061010848646,11.849404844423074,5.965861798246996,2.0,1.0,3.0,2.0,2.0,2.0,1.0,1.0,1.0,4.0,4.0,2.0
0,7.988882253309227,7.417580402414544,5.9538924742002255,11.156264806643742,5.965861798246996,2.0,2.0,2.0,1.0,2.0,1.0,2.0,4.0,3.0,3.0,2.0,1.0
1,9.722744748855389,0.0,7.238496840894365,11.608244735642321,5.725398996881067,2.0,2.0,3.0,2.0,2.0,2.0,3.0,1.0,1.0,1.0,3.0,2.0
1,5.351858133476067,7.978653729082731,5.566752907053953,11.49273296168228,5.610285464879973,1.0,2.0,4.0,1.0,2.0,2.0,3.0,2.0,2.0,2.0,2.0,1.0
0,8.374246182096304,7.804659297056102,6.3391828330038225,11.608244735642321,5.725398996881067,2.0,2.0,3.0,2.0,2.0,2.0,2.0,3.0,2.0,4.0,3.0,2.0
1,8.146419323098003,7.640123172695364,6.135023619079349,11.995357787034976,6.111467339502679,2.0,2.0,1.0,2.0,1.0,2.0,3.0,4.0,3.0,4.0,4.0,2.0
0,7.8838232148921525,7.313886831633462,5.849564904812943,11.635151947212842,6.443777899806305,2.0,2.0,1.0,1.0,2.0,1.0,1.0,2.0,3.0,3.0,3.0,1.0
1,8.453614209773367,0.0,5.971049232157048,11.51293546492023,5.630414969030203,2.0,2.0,2.0,2.0,2.0,2.0,3.0,3.0,1.0,3.0,3.0,2.0
1,7.824445930877619,0.0,5.343927877800089,11.440365524765756,5.558114235510282,1.0,1.0,3.0,2.0,1.0,2.0,2.0,2.0,1.0,2.0,2.0,1.0
1,8.618485442898109,8.444407421690585,6.744451728023944,11.995357787034976,6.111467339502679,2.0,1.0,4.0,2.0,2.0,2.0,1.0,3.0,2.0,1.0,4.0,2.0
1,9.71269017726113,6.922643891475888,7.28795955753969,11.918397239722838,6.034683666227958,2.0,2.0,4.0,2.0,1.0,2.0,1.0,1.0,4.0,1.0,4.0,2.0
1,8.81001204797317,7.467942332285852,6.558434181492013,12.345838935721968,6.643355611152575,2.0,2.0,4.0,2.0,2.0,2.0,3.0,1.0,3.0,1.0,1.0,1.0
0,7.96346006663897,7.5352967024440884,5.982465846644281,11.790564777297387,5.907176730585393,2.0,2.0,4.0,2.0,2.0,1.0,3.0,4.0,3.0,3.0,4.0,2.0
1,9.721245992542345,7.719129840906732,7.3635437668182195,11.362114203075018,5.480175853178588,2.0,2.0,1.0,2.0,1.0,2.0,3.0,1.0,2.0,1.0,2.0,2.0
0,7.988882253309227,7.38025578842646,5.940609753056333,11.759793355371237,5.8764900637736375,2.0,2.0,4.0,2.0,2.0,2.0,2.0,4.0,3.0,3.0,3.0,2.0
1,8.37816098272068,0.0,5.895779296973574,11.944714374881176,6.060938784201399,1.0,1.0,3.0,1.0,2.0,2.0,1.0,3.0,1.0,3.0,4.0,1.0
1,8.037866234709618,0.0,5.556506259605047,11.635151947212842,5.752219842914406,2.0,2.0,2.0,1.0,2.0,2.0,1.0,4.0,1.0,2.0,3.0,1.0
1,7.642044402873258,8.055475141757274,6.080123871042397,11.759793355371237,5.8764900637736375,2.0,2.0,3.0,2.0,2.0,2.0,3.0,2.0,2.0,3.0,3.0,2.0
1,9.290444616217844,0.0,6.8065527734729745,12.36308066783498,6.478509642208569,2.0,2.0,3.0,2.0,2.0,2.0,3.0,1.0,1.0,1.0,1.0,2.0
1,9.0280988119824,0.0,6.544511186307935,12.413090879946887,6.528445128350824,2.0,2.0,4.0,2.0,2.0,2.0,3.0,1.0,1.0,1.0,1.0,2.0
1,7.580189417944541,7.798523053625206,5.905815877574288,11.782960235741939,5.8995928932360995,2.0,2.0,1.0,1.0,2.0,2.0,1.0,2.0,2.0,3.0,4.0,2.0
0,8.17413934342947,0.0,5.692328235722193,11.289794413577894,5.408167787478715,2.0,1.0,4.0,2.0,2.0,1.0,1.0,4.0,1.0,2.0,2.0,2.0
0,9.816512538521721,0.0,7.332205687001382,13.122365377402328,7.236979086878522,2.0,2.0,1.0,2.0,2.0,2.0,2.0,1.0,1.0,1.0,1.0,2.0
1,8.430327258394575,7.642044402873258,6.3216671707156,11.982935344196433,6.099072535306288,2.0,2.0,4.0,2.0,1.0,2.0,3.0,3.0,3.0,4.0,4.0,2.0
0,7.798112628829788,0.0,5.3177114136546715,11.225256725762893,5.343927877800089,2.0,1.0,3.0,2.0,2.0,2.0,2.0,2.0,1.0,2.0,2.0,1.0
1,7.90100705199242,7.932362154339751,6.126869184114185,11.472113887062386,5.589742425278652,2.0,1.0,3.0,1.0,2.0,2.0,3.0,2.0,2.0,3.0,2.0,2.0
1,8.58185670474196,7.0317412587631285,6.290951665009525,12.133507329024972,6.249331534480577,2.0,2.0,1.0,1.0,2.0,2.0,2.0,3.0,3.0,4.0,1.0,2.0
1,8.213923595622743,0.0,5.731991931125612,11.608244735642321,5.725398996881067,2.0,1.0,3.0,1.0,2.0,2.0,1.0,4.0,1.0,2.0,3.0,2.0
1,9.756378687497916,0.0,7.27210899884787,12.323860125621126,6.439350371100098,1.0,1.0,3.0,1.0,1.0,2.0,3.0,1.0,1.0,1.0,1.0,2.0
0,8.188133414510478,7.67693714581808,6.174827228410347,11.686887175419702,5.803795383987432,2.0,2.0,3.0,2.0,2.0,1.0,1.0,4.0,3.0,4.0,3.0,2.0
1,8.109826276018477,6.81783057145415,5.87000287857079,11.561725152903833,7.1316985104669115,1.0,2.0,1.0,2.0,2.0,2.0,3.0,4.0,4.0,3.0,3.0,1.0
1,7.8636512654486515,7.438971592395862,5.884250462800833,11.580593459194764,5.697838920755353,2.0,2.0,3.0,1.0,2.0,2.0,1.0,2.0,3.0,3.0,3.0,2.0
1,8.439447842791385,7.957877358489813,6.436951329565632,11.6172944892629,9.132486932771318,2.0,2.0,3.0,2.0,2.0,2.0,2.0,3.0,2.0,4.0,3.0,1.0
1,7.971085753505607,0.0,5.489970250770876,11.461642696843066,5.579310450849021,2.0,2.0,1.0,2.0,1.0,2.0,3.0,4.0,1.0,2.0,2.0,1.0
0,8.745761999375512,8.393216011596527,6.79411987997663,12.250094315624496,6.365706505753872,2.0,1.0,3.0,2.0,2.0,1.0,1.0,1.0,2.0,1.0,1.0,2.0
1,6.470799503782602,8.211754397375197,5.89072297730645,11.635151947212842,5.465595785020851,1.0,1.0,3.0,2.0,2.0,2.0,1.0,2.0,2.0,3.0,3.0,2.0
1,8.058327306580958,0.0,5.576895624750347,11.51293546492023,5.630414969030203,1.0,1.0,3.0,2.0,2.0,2.0,3.0,4.0,1.0,2.0,3.0,1.0
1,8.490027523343468,8.63497622707262,6.774319119917993,12.245298166364206,6.360918600408972,2.0,2.0,4.0,2.0,2.0,2.0,3.0,3.0,2.0,1.0,1.0,2.0
0,8.30671904320269,8.57602797713713,6.659721178822801,11.835016210489899,5.951510231600949,2.0,2.0,1.0,1.0,2.0,2.0,1.0,3.0,2.0,1.0,4.0,2.0
1,8.246695943718557,7.302496423727326,6.092252122795672,11.728044909070785,6.0266708028426015,2.0,2.0,3.0,1.0,2.0,2.0,3.0,3.0,3.0,3.0,3.0,2.0
1,8.163656176168432,8.393216011596527,6.494509983555011,12.400820837540556,6.516193076042964,2.0,2.0,4.0,2.0,2.0,2.0,1.0,4.0,2.0,1.0,1.0,1.0
1,9.944341546544393,8.805075243870684,7.737470902324102,13.081543466215237,7.196187070324464,2.0,2.0,3.0,2.0,2.0,2.0,2.0,1.0,2.0,1.0,1.0,2.0
0,8.18423477409482,0.0,5.702392620367147,11.472113887062386,5.589742425278652,2.0,1.0,3.0,2.0,2.0,2.0,2.0,4.0,1.0,2.0,2.0,2.0
1,7.8160138391590275,8.01102337918644,6.128323729825179,12.144202560946876,6.260006272907335,2.0,2.0,3.0,2.0,1.0,2.0,2.0,2.0,2.0,3.0,1.0,1.0
1,9.492733482494353,0.0,7.00865586391787,10.596659732783579,4.719490443017389,1.0,1.0,1.0,2.0,2.0,2.0,2.0,1.0,1.0,1.0,2.0,2.0
0,8.188411308079031,7.160845906664299,6.011471401914317,11.51293546492023,5.630414969030203,2.0,1.0,3.0,1.0,2.0,2.0,1.0,4.0,3.0,3.0,3.0,2.0
1,8.710454688248527,7.60339933974067,6.512364256445447,12.429220196836383,6.544551129588482,2.0,2.0,1.0,2.0,2.0,2.0,3.0,1.0,3.0,1.0,1.0,1.0
1,8.096817470572319,7.618742377670413,6.09619986737189,11.904974309480183,6.0212930001533715,2.0,2.0,4.0,2.0,2.0,2.0,2.0,4.0,3.0,3.0,4.0,2.0
0,7.664346632098617,8.80492526261806,6.598509028614515,11.156264806643742,5.965861798246996,2.0,2.0,3.0,2.0,2.0,2.0,3.0,2.0,2.0,1.0,2.0,2.0
0,8.668368019213355,8.207129168071326,6.6734033140937985,12.647551406590285,6.762601046529622,2.0,1.0,3.0,2.0,2.0,2.0,1.0,1.0,2.0,1.0,1.0,1.0
1,8.151044945685024,8.14002395246292,6.355239228161937,11.918397239722838,6.034683666227958,2.0,2.0,2.0,2.0,2.0,2.0,1.0,4.0,2.0,4.0,4.0,2.0
1,7.616775808698373,7.398174092970465,5.724401761858937,11.635151947212842,5.465595785020851,1.0,2.0,4.0,2.0,2.0,2.0,3.0,2.0,3.0,2.0,3.0,2.0
0,8.031060180240619,7.496097345175956,6.009222602029686,11.719947764402807,5.836758157347001,2.0,2.0,3.0,1.0,2.0,1.0,3.0,4.0,3.0,3.0,3.0,2.0
0,8.451907724717607,7.557994958530806,6.311432283057732,12.128116509451258,6.243951127656103,2.0,1.0,3.0,2.0,2.0,2.0,3.0,3.0,3.0,4.0,1.0,2.0
0,8.131824785007195,0.0,5.650147258823569,11.461642696843066,5.579310450849021,1.0,1.0,3.0,1.0,2.0,2.0,1.0,4.0,1.0,2.0,2.0,2.0
1,7.693025748417888,7.463363045520021,5.79555103679456,10.714439990727769,4.836281906951478,2.0,2.0,4.0,1.0,2.0,2.0,3.0,2.0,3.0,2.0,2.0,2.0
1,7.824445930877619,0.0,5.343927877800089,10.915106645867503,5.0355085588413955,2.0,1.0,3.0,2.0,2.0,2.0,3.0,2.0,1.0,2.0,2.0,2.0
1,8.644354337032917,7.261927092702751,6.384772724945515,11.51293546492023,5.630414969030203,2.0,2.0,2.0,2.0,1.0,2.0,1.0,3.0,3.0,4.0,3.0,2.0
1,8.980801413573113,8.877242435993919,7.139263746627974,13.081543466215237,7.196187070324464,2.0,2.0,4.0,2.0,1.0,2.0,1.0,1.0,2.0,1.0,1.0,1.0
0,8.45126704130007,7.643961949002529,6.336678227642965,11.759793355371237,5.8764900637736375,2.0,1.0,3.0,2.0,2.0,2.0,3.0,3.0,3.0,4.0,3.0,2.0
1,9.770013301136158,0.0,7.285734989414698,12.899222326086994,7.0140153898827995,2.0,2.0,4.0,2.0,1.0,2.0,1.0,1.0,1.0,1.0,1.0,2.0
1,8.236420527265391,0.0,5.754422778113795,11.608244735642321,5.725398996881067,2.0,2.0,3.0,2.0,2.0,2.0,3.0,4.0,1.0,2.0,3.0,2.0
1,8.572817095164234,7.266128779556451,6.328977908237605,11.989165855127435,6.105289141177938,2.0,2.0,1.0,1.0,2.0,1.0,3.0,3.0,3.0,4.0,4.0,2.0
1,7.893572073504902,7.172424577124845,5.807391457275221,11.451060699493427,5.568768502071456,2.0,1.0,1.0,1.0,2.0,2.0,3.0,2.0,3.0,2.0,2.0,2.0
1,8.822322177471738,0.0,6.339035676797244,11.775297421715827,5.891951101501342,2.0,1.0,3.0,1.0,2.0,2.0,3.0,1.0,1.0,4.0,4.0,2.0
1,6.933423025730715,8.612685172875459,6.300326973824729,12.283038316285214,6.398594934535208,2.0,2.0,3.0,2.0,2.0,2.0,1.0,2.0,2.0,4.0,1.0,1.0
1,8.362175469149628,0.0,5.87983441843656,11.51293546492023,5.630414969030203,2.0,2.0,2.0,2.0,2.0,2.0,2.0,3.0,1.0,3.0,3.0,2.0
0,8.185628891147607,0.0,5.703782474656201,11.608244735642321,5.725398996881067,2.0,1.0,4.0,2.0,2.0,1.0,1.0,4.0,1.0,2.0,3.0,1.0
0,9.328212292571072,0.0,6.844282856026563,12.185875040240456,6.301600956721833,2.0,1.0,1.0,2.0,2.0,2.0,3.0,1.0,1.0,1.0,1.0,2.0
1,9.80730699406216,0.0,7.323005687825098,11.736077016252437,5.852840845579747,1.0,1.0,3.0,1.0,1.0,2.0,2.0,1.0,1.0,1.0,3.0,2.0
1,7.844240718141811,7.622174594817622,5.949774120053773,11.744045122410057,5.860786223465865,2.0,1.0,3.0,1.0,2.0,2.0,1.0,2.0,3.0,3.0,3.0,2.0
1,8.721602344674197,8.27052509505507,6.73052076123674,12.688501881189456,6.803505257608338,2.0,2.0,3.0,2.0,2.0,2.0,2.0,1.0,2.0,1.0,1.0,1.0
1,8.193676665955241,0.0,5.71180575742507,11.580593459194764,5.697838920755353,2.0,1.0,4.0,2.0,2.0,2.0,3.0,4.0,1.0,2.0,3.0,2.0
0,7.978653729082731,6.285998094508865,5.665561261836003,11.097425172408931,5.216745712854225,2.0,2.0,3.0,1.0,2.0,2.0,1.0,4.0,4.0,2.0,2.0,2.0
1,8.766861821669803,0.0,6.283667634353686,11.964007453736912,6.772190073529956,2.0,2.0,2.0,2.0,2.0,2.0,1.0,1.0,1.0,4.0,4.0,1.0
1,8.435766192720509,7.953669778649798,6.433074060185291,11.849404844423074,6.657725739164105,1.0,2.0,1.0,2.0,2.0,2.0,3.0,3.0,2.0,4.0,4.0,1.0
0,7.668093709082406,0.0,5.188316471333708,11.502885230075814,5.62040086571715,1.0,1.0,3.0,2.0,2.0,1.0,3.0,2.0,1.0,2.0,2.0,1.0
1,8.203304026795282,0.0,5.721404076006021,11.461642696843066,5.579310450849021,1.0,1.0,1.0,2.0,2.0,2.0,3.0,4.0,1.0,2.0,2.0,2.0
1,7.7142311448490855,7.83399634170946,5.98624260312683,11.759793355371237,5.8764900637736375,2.0,2.0,1.0,1.0,2.0,2.0,2.0,2.0,2.0,3.0,3.0,2.0
1,8.012349639327795,6.498282149476434,5.729016945834743,11.532737896139919,5.650147258823569,1.0,2.0,3.0,1.0,2.0,2.0,3.0,4.0,4.0,2.0,3.0,2.0
1,7.926241523170962,7.576097340623111,5.976773831697979,11.951186847493476,6.067396252074996,2.0,2.0,3.0,2.0,2.0,2.0,1.0,2.0,3.0,3.0,4.0,1.0
0,8.119398589612294,0.0,5.637761373558407,11.289794413577894,7.7067128739802735,2.0,1.0,3.0,1.0,2.0,2.0,3.0,4.0,1.0,2.0,2.0,1.0
1,7.834788107388194,7.486613313139955,5.886335486143933,11.884495917930655,6.0008646716198975,2.0,1.0,3.0,2.0,2.0,2.0,1.0,2.0,3.0,3.0,4.0,1.0
0,8.517393171418904,0.0,6.034683666227958,11.542493975902508,5.659869287566273,1.0,1.0,3.0,2.0,2.0,1.0,3.0,3.0,1.0,3.0,3.0,2.0
1,7.932362154339751,7.6093665379542115,5.994169219515109,11.608244735642321,5.725398996881067,2.0,2.0,3.0,2.0,2.0,2.0,1.0,2.0,3.0,3.0,3.0,2.0
0,8.799963219506997,0.0,6.316713321359345,11.759793355371237,5.8764900637736375,2.0,2.0,4.0,2.0,1.0,1.0,1.0,1.0,1.0,4.0,3.0,2.0
1,7.821242083523558,7.773173680482536,6.007788910027837,11.759793355371237,5.8764900637736375,2.0,2.0,1.0,1.0,2.0,2.0,1.0,2.0,2.0,3.0,3.0,2.0
1,8.111928063310739,8.086717920303906,6.309160415363415,11.970356641102999,6.0865221697699115,2.0,2.0,1.0,2.0,2.0,2.0,2.0,4.0,2.0,4.0,4.0,2.0
0,7.805882040228621,7.755338812846501,5.991256192070245,12.10625783509458,6.222135253731255,2.0,2.0,3.0,1.0,2.0,1.0,2.0,2.0,2.0,3.0,1.0,1.0
0,8.187021067343505,8.358666283188,6.4860337483544495,11.790564777297387,6.598963058134234,2.0,2.0,3.0,2.0,2.0,1.0,1.0,4.0,2.0,1.0,4.0,1.0
1,8.606851063346772,6.940222469119639,6.296495257894376,10.165890277802454,4.293498957166288,2.0,2.0,1.0,2.0,2.0,2.0,3.0,3.0,4.0,4.0,2.0,2.0
1,7.889084407035514,7.3938782901077555,5.88239345205362,11.338583982516495,5.456744603142555,1.0,1.0,3.0,2.0,2.0,2.0,2.0,2.0,3.0,3.0,2.0,2.0
1,9.224243277145174,0.0,6.740420851996431,12.468440756144114,6.583716536236168,2.0,2.0,2.0,2.0,1.0,2.0,3.0,1.0,1.0,1.0,1.0,2.0
1,8.265650165580329,7.8898337513942955,6.305058001344264,11.995357787034976,6.111467339502679,2.0,2.0,3.0,2.0,2.0,2.0,3.0,3.0,2.0,4.0,4.0,2.0
1,8.338305731356565,7.7437032581737535,6.294343066441045,12.111767460549332,6.227634002877222,1.0,2.0,3.0,2.0,2.0,2.0,3.0,3.0,2.0,4.0,1.0,2.0
1,8.209580483475577,5.493061443340548,5.791233569770459,11.58989576532275,5.707110264748875,2.0,2.0,4.0,1.0,2.0,2.0,3.0,4.0,1.0,2.0,3.0,2.0
1,9.87740021777281,0.0,7.393057945517042,13.304686600863562,7.419180722820095,1.0,2.0,1.0,2.0,1.0,2.0,3.0,1.0,1.0,1.0,1.0,1.0
1,8.68676717538769,7.628031126930335,6.500914224694042,12.259618151783465,6.375214088305997,2.0,2.0,3.0,2.0,2.0,2.0,1.0,1.0,3.0,1.0,1.0,2.0
1,8.665785595466064,0.0,6.182773374902173,11.790564777297387,5.907176730585393,2.0,1.0,3.0,1.0,1.0,2.0,3.0,1.0,1.0,4.0,4.0,2.0
0,9.082507000466299,0.0,6.5988495700787295,12.460718739865236,6.5760052086962535,2.0,2.0,4.0,2.0,2.0,1.0,2.0,1.0,1.0,1.0,1.0,2.0
1,8.404696160189092,0.0,5.9222484364192995,11.695255355062795,5.812138499293826,2.0,2.0,3.0,1.0,2.0,2.0,1.0,3.0,1.0,3.0,3.0,2.0
1,8.111928063310739,0.0,5.630315322774329,11.156264806643742,5.275276167401339,2.0,1.0,3.0,2.0,2.0,2.0,2.0,4.0,1.0,2.0,2.0,2.0
0,8.131824785007195,7.824445930877619,6.199832812840038,11.719947764402807,5.836758157347001,2.0,2.0,2.0,2.0,2.0,1.0,1.0,4.0,2.0,4.0,3.0,2.0
0,7.774435510302958,0.0,5.294141995137556,9.105090961257085,3.258096538021482,1.0,1.0,3.0,2.0,2.0,2.0,2.0,2.0,1.0,2.0,2.0,2.0
0,8.06054004653864,7.632885505395133,6.079551734095351,11.552155793461898,5.6694977078005095,2.0,2.0,3.0,2.0,2.0,1.0,2.0,4.0,3.0,3.0,3.0,2.0
1,8.136810863675537,7.467942332285852,6.067460616635891,12.133507329024972,6.249331534480577,2.0,2.0,1.0,2.0,2.0,2.0,2.0,4.0,3.0,3.0,1.0,1.0
0,8.540323608805092,7.280697195384741,6.306731387297997,12.013706813470414,6.129776162905494,2.0,2.0,3.0,2.0,2.0,1.0,2.0,3.0,3.0,4.0,4.0,2.0
1,9.721185995542177,0.0,7.23693911485893,12.524530013005734,6.639730579995211,2.0,2.0,4.0,2.0,2.0,2.0,2.0,1.0,1.0,1.0,1.0,2.0
0,8.72029728739272,7.3938782901077555,6.472088662140852,12.138869243416009,5.9676413481347055,2.0,2.0,4.0,1.0,2.0,2.0,3.0,1.0,3.0,1.0,1.0,2.0
0,8.765146421639022,0.0,6.281955171881802,11.918397239722838,6.034683666227958,2.0,2.0,2.0,2.0,2.0,2.0,3.0,1.0,1.0,4.0,4.0,2.0
1,8.058327306580958,6.135564891081739,5.712632089933184,11.58989576532275,7.15984718272843,2.0,2.0,4.0,2.0,2.0,2.0,2.0,4.0,1.0,2.0,3.0,1.0
0,8.035278911144667,7.701200180857446,6.092252122795672,11.820417517632333,5.936949694801684,2.0,2.0,3.0,2.0,2.0,1.0,3.0,4.0,2.0,3.0,4.0,2.0
1,8.080237416216702,7.9157131993821155,6.211269197156677,11.608244735642321,5.725398996881067,2.0,1.0,3.0,2.0,2.0,2.0,2.0,4.0,2.0,4.0,3.0,2.0
1,7.48605261786314,7.711101251840158,5.815621956411737,11.580593459194764,5.697838920755353,2.0,2.0,1.0,2.0,2.0,2.0,1.0,2.0,2.0,3.0,3.0,2.0
1,8.065579427282092,7.978653729082731,6.2329390551069155,11.989165855127435,6.105289141177938,2.0,1.0,3.0,2.0,2.0,2.0,2.0,4.0,2.0,4.0,4.0,2.0
1,8.785845337961213,0.0,6.302618975744905,12.230770136157428,6.346415784094867,2.0,2.0,4.0,2.0,2.0,2.0,3.0,1.0,1.0,4.0,1.0,1.0
0,7.515889085215125,10.429339710318741,7.997579061617167,11.407576060361786,5.5254529391317835,2.0,1.0,3.0,2.0,2.0,2.0,2.0,2.0,2.0,1.0,2.0,2.0
1,8.06054004653864,0.0,5.579100697308661,10.491301994830229,4.61512051684126,1.0,2.0,3.0,2.0,2.0,2.0,3.0,4.0,1.0,2.0,2.0,2.0
0,7.53955882930103,0.0,5.0604830998238235,11.0186455364637,5.138409404590982,2.0,2.0,1.0,2.0,2.0,2.0,1.0,2.0,1.0,2.0,2.0,1.0
0,7.933079771880415,7.559038255443384,5.973809611869261,11.891368749982085,6.007720587682988,2.0,2.0,1.0,2.0,2.0,1.0,1.0,2.0,3.0,3.0,4.0,1.0
0,8.36264243156764,8.006700845440367,6.410037811168886,12.055255569732177,7.624921209830462,2.0,2.0,1.0,2.0,2.0,2.0,1.0,3.0,2.0,4.0,1.0,1.0
1,7.739794458408701,7.328437352895162,5.765974494912649,11.552155793461898,5.6694977078005095,2.0,2.0,3.0,2.0,2.0,2.0,2.0,2.0,3.0,2.0,3.0,2.0
1,7.680637427560936,0.0,5.2007964114465475,11.156264806643742,5.275276167401339,1.0,1.0,3.0,1.0,2.0,2.0,3.0,2.0,1.0,2.0,2.0,1.0
1,8.46611040118692,0.0,5.983516377258808,11.451060699493427,5.568768502071456,2.0,1.0,3.0,2.0,2.0,2.0,3.0,3.0,1.0,3.0,2.0,2.0
0,7.910957382845589,0.0,5.430076356060394,11.571203807011969,5.688480813906801,2.0,2.0,4.0,2.0,1.0,1.0,3.0,2.0,1.0,2.0,3.0,1.0
1,8.006700845440367,8.136518252115291,6.283512077069402,10.933124826700707,5.743359249768024,2.0,2.0,3.0,2.0,2.0,2.0,3.0,4.0,2.0,4.0,2.0,2.0
0,8.699681400989514,0.0,6.2166061010848646,12.230770136157428,6.751296381713909,2.0,2.0,4.0,2.0,1.0,2.0,3.0,1.0,1.0,4.0,1.0,1.0
1,9.143986871426161,0.0,6.660254996163188,12.584512505902088,6.699637167144172,2.0,1.0,2.0,2.0,1.0,2.0,3.0,1.0,1.0,1.0,1.0,1.0
1,8.258422462458876,8.101980731853192,6.392893744094574,11.863589378812122,6.671892288593264,2.0,2.0,3.0,2.0,2.0,2.0,1.0,3.0,2.0,4.0,4.0,1.0
1,9.687878048875998,0.0,7.203653506205258,12.468440756144114,6.583716536236168,2.0,2.0,3.0,2.0,1.0,2.0,2.0,1.0,1.0,1.0,1.0,2.0
1,8.251663923605589,0.0,5.769622232151744,11.608244735642321,5.725398996881067,2.0,1.0,3.0,1.0,2.0,2.0,1.0,3.0,1.0,2.0,3.0,2.0
0,8.761550139129644,6.90875477931522,6.4236527253569,12.138869243416009,6.254683147381389,2.0,2.0,4.0,1.0,1.0,2.0,1.0,1.0,4.0,4.0,1.0,2.0
0,8.002359546252707,0.0,5.521127528961009,11.385103457032141,5.503070626083898,2.0,1.0,3.0,2.0,2.0,1.0,3.0,4.0,1.0,2.0,2.0,2.0
1,9.20673387638207,0.0,6.722930591970064,12.100717685412471,6.2166061010848646,2.0,2.0,3.0,2.0,1.0,2.0,1.0,1.0,1.0,1.0,1.0,2.0
1,8.662331957082475,0.0,6.179326284277552,12.165255859329688,6.281019863941443,2.0,2.0,4.0,2.0,2.0,2.0,2.0,3.0,1.0,4.0,1.0,1.0
0,6.0330862217988015,10.637488727104339,8.162777597983764,12.765691290604371,7.573245736090097,1.0,1.0,2.0,2.0,2.0,2.0,2.0,2.0,2.0,1.0,1.0,2.0
1,7.970740390007095,7.934871565945177,6.1629638652698535,11.951186847493476,6.067396252074996,2.0,2.0,3.0,1.0,2.0,2.0,1.0,4.0,2.0,4.0,4.0,2.0
1,8.648922962094131,0.0,6.165942926440911,11.759793355371237,5.8764900637736375,2.0,2.0,2.0,2.0,2.0,2.0,2.0,3.0,1.0,4.0,3.0,2.0
1,8.209852481301272,8.366835309827675,6.500914224694042,12.055255569732177,6.171236560279619,2.0,1.0,3.0,2.0,2.0,2.0,1.0,4.0,2.0,1.0,1.0,2.0
1,9.392745258631441,0.0,6.90875477931522,13.114333221834064,7.2289527174384,1.0,2.0,1.0,2.0,2.0,2.0,3.0,1.0,1.0,1.0,1.0,1.0
0,7.783640596221253,8.24301946898925,6.249331534480577,11.759793355371237,6.568233954168007,2.0,2.0,3.0,1.0,2.0,2.0,2.0,2.0,2.0,4.0,3.0,1.0
1,8.131824785007195,7.824445930877619,6.199832812840038,12.06105265381003,6.1770216047600845,2.0,2.0,1.0,2.0,2.0,2.0,3.0,4.0,2.0,4.0,1.0,2.0
1,8.291045131081729,7.252762418053187,6.111097722052527,11.964007453736912,6.080187421612785,2.0,2.0,4.0,1.0,2.0,2.0,1.0,3.0,3.0,3.0,4.0,2.0
1,8.081165777725433,7.576097340623111,6.070352742434693,11.58989576532275,5.707110264748875,2.0,2.0,3.0,2.0,2.0,2.0,1.0,4.0,3.0,3.0,3.0,2.0
1,7.972810784121404,0.0,5.491688759528576,11.170449240431308,5.289388735803735,1.0,1.0,3.0,2.0,2.0,2.0,1.0,4.0,1.0,2.0,2.0,2.0
1,8.320448113956559,0.0,5.838216237799735,10.596659732783579,5.408167787478715,2.0,2.0,2.0,2.0,2.0,2.0,1.0,3.0,1.0,3.0,2.0,2.0
1,8.996280439395015,5.484796933490655,6.541991537725525,12.441148720271016,6.5564626497623655,2.0,2.0,1.0,2.0,2.0,2.0,2.0,1.0,1.0,1.0,1.0,1.0
1,8.933796043934858,0.0,6.450338765241873,12.138869243416009,6.254683147381389,2.0,2.0,4.0,2.0,2.0,2.0,2.0,1.0,1.0,1.0,1.0,2.0
0,8.430327258394575,0.0,5.9478173850017875,11.798111925972618,5.91470348597452,1.0,1.0,3.0,2.0,1.0,1.0,3.0,3.0,1.0,3.0,4.0,2.0
